,Shared topic 1,Shared topic 2,Shared topic 9,Transcriptomics private topic 1,Transcriptomics private topic 2,Transcriptomics private topic 4
Vcpip1,-0.46075112,-1.3863688,-0.67759275,-0.56346244,-0.43676344,-0.5957179
Sgk3,-0.64528406,-0.61975765,-0.6486891,-0.6316435,-0.795742,-0.63106906
Ube2w,-0.61134785,-0.65178967,-0.5825959,-0.6197854,-0.50838846,-0.6005181
Eloc,-0.58418876,-0.3314464,-1.022608,-0.078734905,-1.8881034,-0.9820991
Kcnq5,-0.11819966,-2.1939306,0.11836445,-2.3174672,0.07980694,-1.4754794
Lmbrd1,-0.47411817,-1.0817783,-0.6163987,-0.7308738,-1.1160774,-1.3425342
Phf3,-0.15779448,-1.0481267,-0.32315364,-0.3259408,-0.044886842,-0.42151606
Prim2,-0.4953382,-2.3814473,0.13628876,-0.9069462,-0.7370095,-1.8288666
Zfp451,-0.515341,-1.0787274,-0.5069351,-0.4952877,-0.895345,-1.2598851
Hs6st1,-0.48315075,-1.7103099,-0.3687098,-0.5312561,-0.61162865,-0.8073312
Uggt1,-0.30209073,-0.8861846,-0.42657483,-1.3087623,0.09337412,-0.20961079
Tmem131,-0.17857069,-1.870065,-0.082229555,-0.5045405,-0.4503839,-1.659909
Aff3,0.053077076,-1.5958142,0.40459073,-1.3115664,0.5808265,-0.38926217
Mrps9,-0.60730726,-0.62905645,-0.4691155,-0.4726182,-0.2850709,-0.070626676
Nck2,-0.06937231,-1.7107322,-0.06713708,-1.6680455,0.4280207,-1.0686464
Stat1,-0.55216944,0.28715545,-0.3070182,-0.3285578,-0.6333147,-0.24825452
Plcl1,0.122386575,-3.0895731,0.20200646,-1.4915695,0.35630932,-1.2667627
Cflar,-0.3936251,-0.09663255,-0.45481405,-0.519497,-0.30017215,-0.44552872
Trak2,-0.48901436,-1.0177927,-0.5732815,-1.1715004,-0.4110742,-0.7616947
Cd28,-0.03551258,-1.2301099,-0.8752567,-0.42196053,-0.009629071,-0.49690273
Eef1b2,-0.5148203,0.4694785,-0.7240877,-0.03991159,-0.38738555,0.46449184
Kansl1l,0.0062042326,-3.3349977,0.17118669,-0.8438018,-0.42828256,-1.5591066
Ikzf2,-0.2383155,-0.42570975,-0.31581306,-0.28909516,0.13685581,-0.16521165
Igfbp5,-1.7049634,0.49923494,-0.08088666,-0.5120569,-0.9444734,0.69138956
Tns1,-0.63049,-1.2186201,-0.19672856,-0.4108045,-0.13531798,0.07972315
Cnppd1,-0.5692955,-0.61576545,-0.5588623,-0.5431352,-0.52829766,-0.5467043
Cul3,-0.119833075,-0.9144577,-0.2769143,-0.20271793,-0.25118282,-0.7777416
Sp100,-0.27553314,0.11888444,-0.60973936,-0.15686858,-0.7073321,-0.6986809
Itm2c,-1.3483932,0.7783488,-0.458359,-0.028985038,-1.3106145,0.07283074
Gigyf2,-0.47954652,-1.1266589,-0.014896572,-0.7356616,-0.13243315,-1.230417
Arl4c,-0.45362154,0.10167932,-0.6855411,-0.4313519,-0.8193308,-0.48288053
Hdac4,-0.36236197,-1.1014311,0.13816491,-0.45819885,-0.03831394,-0.96113855
Gpc1,-2.1028647,0.47817957,-0.500963,-2.4224262,-0.3489937,0.032337487
Cops9,-0.6025065,0.44901812,-1.6990323,0.021953017,-1.4892781,-0.22570169
Dtymk,-0.5404694,-1.5572281,-0.55497146,-0.02557072,-1.2251904,-1.4392956
D1Ertd622e,-0.62363786,-1.5188612,-1.1989579,-0.4151087,-0.9330235,-0.7341075
Bcl2,-0.54475343,0.32338023,-0.123024166,-1.0685916,0.311238,0.4509672
Clasp1,-0.22300482,-1.3073518,-0.2973966,-0.6848632,-0.24095915,-1.6316835
Mgat5,0.028460968,-2.0677412,-0.18279856,-1.1361377,0.344208,-1.2255384
Mapkapk2,-1.0807368,0.3093958,-0.37756965,-0.40744054,-0.829661,-0.14931709
Srgap2,-0.38323364,-1.3771847,-0.17861465,-1.4612694,-0.0068248212,-0.90996146
Rassf5,-0.4703204,0.4318517,-0.47939408,-0.6420488,0.12727182,1.044053
Nucks1,-0.41254878,-0.2818912,-0.4477153,-0.021021295,-0.04228676,0.39084852
Nek7,-0.26225728,-0.86175543,-0.34622955,-0.44818848,-0.08842078,-0.6724261
Rgs2,-1.0246724,-0.13144605,-0.8059824,-0.76381016,-0.9361067,-0.24373543
1700025G04Rik,-0.80907375,-0.20365474,-0.5717584,-0.57406723,-0.75581706,-0.1835854
Dhx9,-0.030994624,-0.99182826,-0.3960296,-0.21032718,-0.51490057,-1.348661
Cacna1e,-0.2242704,-2.8306377,-0.037908524,-2.15515,0.38773948,-0.65693164
Stx6,-0.062188588,-1.7866216,-0.3653793,-0.30737796,-0.3068534,-1.3252028
Xpr1,-0.40013885,-1.1982367,-0.4781334,-0.7544089,-0.075911924,-0.73549235
Abl2,-0.38492543,-1.0243773,-0.5108792,-1.367682,0.07329267,-0.6467804
Cop1,-0.34956992,-1.3831888,-0.4936417,-0.48407596,-0.80804896,-1.9568378
4930523C07Rik,-0.81232446,0.03028357,-0.81822574,-0.6084704,-0.649651,-0.27916086
Atp1b1,-0.8048348,0.08686751,-0.71019816,-0.9764636,-0.5616211,-0.73023856
Rgs5,-3.0347934,0.82102305,-2.1541307,-2.6599736,-1.8018321,-0.8029236
Pbx1,-0.647279,0.04301411,-0.2747671,-0.5177597,-1.0121977,-0.6008948
Uhmk1,-0.9321005,-0.0012506396,-1.2073104,-0.47831982,-0.65237147,-0.27955207
Slamf6,-0.34490263,-2.5637643,-0.3433162,-0.70842195,-0.50061363,-1.7433133
Tagln2,-0.9202964,0.7202402,-0.76503026,-0.15623592,-1.5669627,-0.6766206
Smyd3,-0.13234603,-1.569982,-0.058695436,-0.7129041,0.27710485,-0.75235784
Itpkb,-0.10335632,-0.94983464,-0.15341717,-1.1003052,0.4093668,-0.4795346
Marc2,-0.5271447,0.16574576,-0.72902316,-0.6880846,-0.08997229,0.19069493
Eprs,-0.39439154,-1.0921087,-0.48720258,-0.4023881,-0.9769861,-1.0738937
Cenpf,-0.2469481,-2.7365708,-0.9829974,-0.38279372,-0.8058677,-1.4680973
Stxbp5,-0.5311426,-1.4723804,-0.53292936,-0.48644826,-0.23867908,-0.7243253
Hivep2,0.01855082,-1.1165173,-0.12055899,-1.0613377,0.35747975,-0.49044657
Reps1,-0.46169016,-0.9485694,-0.43978703,-0.446479,-0.39917967,-0.50946724
Tnfaip3,-0.6062631,-0.7961353,-1.1041937,-0.44704852,-0.77146053,-0.6147869
Myb,0.21042195,-3.7272289,-0.25166255,-0.32812262,-0.08294064,-1.4099222
Ncoa7,-1.2877424,0.124754265,-0.552369,-0.60839915,-1.3324397,-1.015202
Tspyl1,-0.53802335,-0.7233453,-0.54059964,-0.5077414,-0.47647375,-0.46320337
Hdac2,-0.33127448,-0.7893696,-0.7856067,-0.25764513,-0.5041544,-0.44145948
E130307A14Rik,-0.19550087,-2.0133836,-0.031603068,-2.0654502,-0.05498548,-0.9067616
Themis,0.2815719,-3.3683043,0.17543097,-0.60221744,0.1815944,-1.721355
Crybg1,-2.1472151,0.53258014,-0.8831194,-2.1855948,-1.2335536,-0.1203531
Mcu,-0.32667217,-1.5227617,0.10649377,-1.5540024,0.002592355,-1.0106318
Sgpl1,-0.3076808,-0.6055223,-0.31670544,-0.2633926,-0.8376875,-0.44458964
Tbata,0.018698543,-2.8321319,0.058076665,0.17203003,-1.11003,-1.7073869
Srgn,-2.123258,0.7883872,-2.150999,-1.3749098,-2.1882179,-1.6956439
Herc4,-0.38869175,-1.0240341,-0.44025576,-0.6472235,-0.22391646,-0.5595218
Arid5b,-1.1020472,-0.07961492,-0.41869166,-0.8465359,-0.45770305,-0.50610507
Ank3,-0.55481094,-1.0947672,0.08621204,-0.31593102,-0.6850857,-0.8196357
Cabin1,-0.4728981,-0.72568357,-0.43274912,-0.5057708,-0.44547153,-0.47304922
Smarcb1,-0.55381036,-0.34435424,-0.52065367,-0.4761421,-0.9206983,-0.77170074
Pcnt,-0.22611554,-1.321528,-0.6619341,-1.7072728,0.15390532,-0.53167707
Sumo3,-0.68389636,-0.25771323,-0.4956066,-0.4532612,-0.683221,-0.43445244
Agpat3,-0.51681614,-0.5698248,-0.39650047,-0.6840874,-0.5441247,-0.6792078
Cstb,-0.3304814,-0.58811957,-0.1461455,0.46076956,-1.217867,-0.19038913
Bsg,-0.8688501,-0.053590156,-0.33957902,-0.034939468,-0.9824797,0.3555739
Cnn2,-1.1925642,0.38407838,-1.8165464,-0.22948156,-1.6601422,-1.3829553
Sbno2,-0.9680176,0.098919466,-0.58155334,-0.8602755,-0.10766195,0.20434195
Mum1,-0.53271854,-0.39082763,-0.46937913,-0.4728852,-0.25457352,-0.13733065
Mknk2,-0.43329385,-0.12265805,-0.37140623,-0.26215252,-0.7101177,-0.47647113
Timm13,-0.72547346,-0.025224574,-1.6411797,-0.006697327,-1.3118659,-0.32209814
Timp3,-1.6088262,0.3009498,-0.07751912,-0.77815926,-0.9022603,0.0008010268
Hsp90b1,-0.77532685,0.6462364,-0.32854342,-0.3125839,-0.3504707,0.6640167
Dcn,-1.092763,-0.7734027,0.7903813,0.12550911,-1.7242845,-1.2804656
Cnot2,0.069825366,-1.8784013,-0.12887867,-0.7175564,0.13104275,-0.84746706
Lyz2,-1.7234399,0.5917847,-0.9692111,-0.43089852,-2.1774697,-1.2424083
Ppm1h,-0.036110573,-1.8480642,-0.009144068,-0.997483,0.45082402,-0.4997397
B4galnt1,-1.3638012,0.70500517,-1.6217535,-1.8184779,-0.5678803,0.45041955
Ctdsp2,-0.41405708,-0.18247029,-0.32205707,-0.2607823,-0.07201384,0.33180916
Dctn2,-0.5220801,-0.50613725,-0.5387876,-0.4843461,-1.3709164,-1.1713474
R3hdm2,-0.3762725,-0.70001364,-0.42955446,-0.47995868,-0.2559709,-0.29347318
Stat6,-0.56818944,-0.72026336,-0.6737436,-0.49105155,-0.7824112,-0.6644581
Nab2,-1.3781484,0.33112836,-2.052315,-1.4248543,-0.23385018,0.77992785
Cs,-0.41232735,-0.11926104,-0.8172133,-0.35429788,-0.42434642,-0.3951286
Smarcc2,-0.079875484,-0.98407567,-0.32328176,-0.51284015,-0.1591309,-0.65798354
Rpl41,-0.2904217,0.38172144,-0.6809093,0.48287964,-1.7893069,-1.0977015
Cd63,-1.7654966,0.83791625,-1.2401152,-1.3296388,-1.823004,-1.0191414
Tespa1,-0.0012483336,-2.3025317,-0.2558964,-0.30926564,-0.24897505,-1.7543389
Sf3a1,-0.42135298,-0.20667818,-0.62393796,-0.39222744,-0.48611447,-0.37683976
Uqcr10,-0.53537667,-0.7012506,-0.3484866,0.30677965,-1.7179748,-1.6455078
Znrf3,-0.3590148,-1.0612656,-0.35668278,-2.021216,0.3513161,-0.59272504
Dbnl,-0.57567286,0.24585004,-0.5518321,-0.52291983,-0.6220631,-0.22865942
Nudcd3,-0.4083438,-0.6541708,-0.34465888,-0.4992507,0.19634742,0.051344693
Zmiz2,-0.9540587,0.1554144,-0.801256,-0.67784727,-1.3780596,-0.8395163
Ogdh,-0.36666885,-0.3874339,-0.44324332,-0.3824237,-0.32378066,-0.3557097
Myo1g,-1.1855768,0.12095538,-0.5618925,-0.48138672,-1.4054236,-1.6794492
H2afv,-0.17215165,-1.0043443,-0.79308575,0.36561918,-1.0145696,-0.46365705
Tns3,-0.41796666,-0.86280584,0.23272258,-0.29647154,-0.4868049,-0.59431654
Spred2,-0.6058198,-1.3697631,-0.4031213,-0.66881156,-0.3383687,-0.63102996
Vps54,-0.39812785,-0.93679196,-0.37951568,-0.4611039,-0.25407916,-0.4496478
Rel,-1.5139508,0.49281362,-1.785469,-0.90451074,-1.5914098,-0.30953884
Vrk2,-0.90795815,-0.65060896,-0.654407,-0.67996585,-0.6553265,-0.625798
Psme4,-0.23004912,-0.9774432,-0.46963304,-0.37171662,-0.3917424,-0.8387831
Pank3,-0.48298192,-1.1135508,-0.4402256,-0.43687475,-0.92827594,-0.9189364
Mat2b,-0.4336146,-0.45429748,-1.6131355,-0.3457654,-0.46956006,-0.32823965
Dock2,0.10362279,-1.2113063,0.18699202,-1.0319864,0.3700774,-1.3385267
Itk,0.03940408,-0.82135916,-0.3021318,-0.3843374,-0.10971393,-0.6893367
Ifi47,-1.1158082,0.03858547,-1.5611646,-0.5566318,-1.950325,-1.5255724
Zfp62,-0.24801284,-1.5427723,-0.80595934,-0.5151497,-0.7461777,-1.8643428
Sqstm1,-0.2859595,0.0778447,-0.1433299,-0.18763027,-0.47681952,-0.18315117
Hnrnph1,-0.19443372,-0.8077301,-0.4150992,-0.21104977,-0.34700632,-0.632665
Clk4,-0.5572399,-1.110486,-0.38533568,-0.59278584,-0.5102129,-1.0426643
Irf1,-1.1301341,0.66188514,-0.7834635,-0.92021835,-0.8521951,0.054541826
Rapgef6,-0.26125753,-0.15020165,-0.32884935,-0.77076113,-0.003518343,-0.35746777
Gpx3,-3.4929242,1.2394682,-0.3918035,-3.2258463,-2.1526806,-0.7908021
Anxa6,-0.60445213,0.27009073,-1.135704,-0.3356362,-0.60694075,-0.21387671
Gm2a,-1.7167823,0.3592918,-0.62781405,-0.9586234,-0.82040787,-0.1600759
Sparc,-1.523118,-1.3636358,0.71781075,-0.34255168,-1.8722169,-1.7602528
Atox1,-0.41269493,0.42530736,-0.43005735,0.25523645,-2.0359712,-1.7054168
Fam114a2,-0.56401265,-0.93972063,-0.5643848,-0.59705395,-0.77607703,-1.0233512
Cnot8,-0.28332475,-0.93874717,-0.5917202,-0.39252567,-0.44530052,-0.37419605
Guk1,-1.550638,0.47473228,-1.2898669,-0.54274434,-1.1929563,-0.4333561
Mprip,-0.08459024,-1.580426,0.10665557,-0.2150628,-0.1830543,-1.04883
Srebf1,-0.6273115,-0.60551566,-0.31405854,-0.9628625,-0.3814178,-0.3146097
Llgl1,-1.032795,-0.25075448,-1.7389973,-0.64389735,-0.43820226,0.11633468
Usp22,-0.5220772,-0.808869,-1.0620081,-0.48781142,-0.532392,-0.55959374
Ulk2,-0.5766432,-1.3977134,-0.38275653,-0.5982431,-0.88210064,-0.9706727
Akap10,-0.46632922,-1.7025594,-0.46503764,-0.67486227,-0.52316606,-1.3989911
Ncor1,0.0031685792,-0.806703,-0.16313311,-0.3538836,0.115716234,-0.65470105
Stx8,-0.47628534,-1.2319694,-0.008846462,-1.7780623,0.03845273,-1.1644492
Vamp2,-1.0879161,-0.30252734,-0.70583606,-0.69758385,-0.9941767,-0.62124443
Chd3,-1.1246343,0.6310327,-0.731348,-0.8630291,-0.5785021,0.01703167
Arrb2,-1.4470247,0.254677,-0.8139903,-0.76272625,-1.3850098,-0.94048476
Cxcl16,-2.4498692,0.78736746,-2.700275,-1.7985157,-2.5578773,-2.1504126
Ankfy1,-0.45664302,-0.07124785,-0.4614759,-0.36126697,-0.21219556,0.12224156
Ncbp3,-0.5908212,-0.9185621,-0.62533534,-0.40131477,-0.5665277,-0.40150678
Inpp5k,-0.47799516,-0.77273333,-0.4789704,-0.50879407,-0.43466777,-0.43043008
Nufip2,-0.32260975,-0.93296075,-0.35865697,-0.50838906,-0.17538388,-0.5575323
2610507B11Rik,-0.4654442,-0.710198,-0.4981302,-0.47537893,-0.4586768,-0.5213316
Nlk,-0.20761901,-0.8685441,-0.24115762,-1.5903687,0.15327601,-0.7725804
Lgals9,-0.24614315,-0.9224537,-0.51552343,-0.06783531,-1.6346544,-1.9721825
Wsb1,-0.6368674,-0.57255185,-0.6784481,-0.6149079,-0.54510355,-0.4659963
Nf1,-0.4707517,-1.6222936,0.19091141,-1.245052,-0.085382015,-1.352054
Slfn2,-0.8906916,0.44022384,-1.1085395,-0.57485974,-0.6909474,0.66034985
Ccl5,-3.9032507,0.8280964,-3.944816,-3.4861486,-3.5124216,-2.8991127
Wfdc18,-4.037312,1.158947,-3.9677548,-3.7039232,-3.5448709,-2.9295478
Synrg,-0.31008682,-0.9142726,-0.28552738,-0.4660905,-0.5377537,-0.57732266
Usp32,-0.569373,-1.0304335,-0.48360872,-0.70889384,-0.42295033,-0.649891
Appbp2,-0.4531862,-0.6412014,-0.48292017,-0.34807593,-0.42217493,-0.3232015
Bcas3,-0.18155965,-1.3513839,0.20814359,-1.817321,0.42231953,-0.75923175
Rps6kb1,-0.34495246,-1.8233293,-0.5638069,-0.65214443,-0.24905407,-1.2672403
Ska2,-0.47307432,-1.8131648,-0.12560901,-0.29799783,-1.2971449,-2.4392948
Trim25,-0.7616743,0.3701668,-0.18434577,-0.4820527,-0.5202208,0.20696771
Ube2z,-0.90902233,0.2844907,-0.49925748,-0.7845386,-0.23185799,0.9547055
Cbx1,-0.27959985,-1.1953466,-0.4257546,-0.057031736,-1.6360128,-1.8742061
Nfe2l1,-1.1621778,0.4547688,-0.653873,-1.5131419,-0.43474787,0.407066
Npepps,-0.32694483,-1.1030778,-0.3760762,-0.4275751,-0.6745323,-1.7822374
Mllt6,-1.466336,0.5755849,-1.906127,-1.4207864,-0.5308603,0.42697382
Lasp1,-0.9060875,0.44095844,-0.95567167,-0.11702925,-0.6139507,0.35073984
Skap1,0.009792604,-1.0954796,0.15683213,-1.0507958,0.4950837,-0.40012485
Arl5c,0.13072821,-2.8933406,-0.3211744,-0.061603636,-1.5135998,-2.3509223
Ikzf3,-0.17852798,-1.1267853,-0.102681264,-0.8174266,0.05523602,-0.40958816
Rara,-0.62113416,-0.6541214,-0.6866062,-0.6786554,-0.7071048,-0.6383778
Ccr7,-3.2863088,1.128138,-3.3277767,-2.956842,-2.2109487,-1.2113905
Top2a,-0.09011949,-2.123723,-0.15665522,0.072964385,-0.34919494,-1.6345594
Igfbp4,-2.2221217,1.0318782,0.38344777,-1.9872174,-1.1698091,-1.0138066
Krt14,-2.662759,0.9619162,-2.1155024,-1.8063195,-2.1172435,-1.0553544
Krt17,-1.6223558,0.7865654,-1.0216665,-0.41231316,-2.1446986,-1.5250821
Jup,-0.40437543,-0.92209333,-0.4161576,-0.38368857,-1.0564561,-0.8870684
Stat5a,-0.43143713,-0.21290767,-0.44751543,-0.44132763,-0.5441932,-0.59837115
Stat3,-0.38474992,0.5801251,-0.40603548,-0.43253523,-0.18810216,-0.12315895
Dhx8,-0.33928585,-1.2387164,-0.59918565,-0.30924237,-0.68045616,-0.56711495
Gpatch8,-0.2871455,-1.182196,-0.41203207,-0.7746578,0.01569125,-0.55177385
Ubtf,-0.4573129,0.2386772,-0.8326005,-0.2815967,0.05923239,0.74180484
Eftud2,-0.5388922,-0.14305145,-0.58947843,-0.44301546,-1.0859749,-1.2204068
Kansl1,-0.018304445,-1.0687181,0.014560118,-1.2909712,0.46237808,-0.702816
Pecam1,-0.49151188,-0.63730776,-0.4216141,-1.0303195,0.13723928,-0.29973033
Helz,-0.10174513,-1.4798018,-0.1460472,-1.0083292,0.23316562,-0.51077944
Gna13,-0.28789678,-0.6798831,-1.1913397,-0.32712287,-0.3962994,-0.22751716
2610035D17Rik,-0.37343046,-1.0911438,-0.46708414,-1.3442051,0.18579043,-0.49471626
Birc5,-0.45623443,-1.7747281,-0.5881157,0.1324714,-1.0569205,-0.7461004
Syngr2,-2.4273272,1.0828272,-2.0662155,-2.0639234,-1.1002733,0.5871327
Timp2,-1.2544234,-0.0010506511,0.063908756,-0.5985764,-0.8205371,-0.87549174
Rnf213,-0.97852695,0.65223366,-0.5940075,-0.5279161,-0.39376163,-0.032314062
Nploc4,-0.63828516,-0.48554832,-0.5560343,-0.6906897,-0.3943545,-0.17644617
Mcrip1,-0.6711458,0.15498681,-0.8686031,-0.40349764,-0.570466,0.7051934
Sirt7,-0.6248883,-0.976684,-0.5138835,-0.64642453,-1.0025473,-1.761857
Cbr2,-0.27690172,-2.626028,-0.070853904,0.33786574,-1.2264757,-1.2621776
BC017643,-0.5797045,-0.32416314,-0.71176296,-0.5023265,-0.80348015,-0.56048137
Rab10,-0.3276232,-0.85498285,-0.35121074,-0.34571898,-0.43637723,-0.5134432
Ncoa1,-0.18128198,-1.7425148,-0.22459793,-0.68588865,-0.24593312,-1.4062064
Klhl29,-1.0135853,-1.4130868,-0.039212227,-0.62946427,-0.6887064,-0.2201437
Laptm4a,-0.78474456,-0.84602666,-0.3558653,-0.56496924,-0.9579971,-1.6175687
Itgb1bp1,-0.88016987,-0.5079741,-0.7660841,-0.57149625,-1.0580438,-0.6807129
Rrm2,-0.46205992,-1.8717759,-0.6087384,-0.30723688,-1.0120555,-1.1402628
Id2,-2.2422304,0.5999211,-2.9393177,-0.8877923,-1.9742649,-1.2895335
Hbp1,-0.53645664,-1.2864869,-0.7051361,-0.30492395,-1.3218529,-1.7767596
Atxn7l1,-0.35389546,-1.0682523,-0.30094934,-0.90454656,-0.029086709,-0.51729673
Snx13,-0.4782622,-1.9641315,-0.5324949,-0.85753727,-0.058230966,-0.84611225
Immp2l,-0.6001122,-1.1032912,-0.095798254,-1.1390381,-0.22021653,-0.73846096
Sptssa,-0.39431262,-0.47563055,-0.4519537,-0.34418303,-0.38810354,-0.27883998
Nfkbia,-0.51299167,0.6992962,-1.007743,-0.48900694,-0.13431644,0.72144145
Mipol1,-0.5090883,-0.8748019,-0.5666694,-0.5736224,-1.3112948,-2.1798394
Mia2,-0.3436717,-1.4686823,-0.15592353,-0.34183508,-0.8357478,-1.8193891
Sgpp1,-0.6807672,0.50187516,-0.76729065,-0.57179046,-0.56697965,0.44069564
Fut8,-0.12074988,-2.4232063,0.06540236,-0.8892285,-0.25692248,-1.7371659
Zfp36l1,-0.9325426,0.8340618,-1.3286941,-0.52282935,-0.77077466,0.5264807
Susd6,-0.33813292,-0.17139558,-0.2487411,-0.6501131,0.12994768,0.2346912
Sipa1l1,-0.2500249,-0.74984324,-0.18630718,-0.7944901,0.07744641,-0.5518759
Npc2,-0.67374194,0.7111002,-1.0242585,0.20550647,-1.038807,0.27131853
Nek9,-0.49124986,-0.48744804,-0.5883825,-0.43516868,-1.1625092,-0.6581567
Ppp4r3a,-0.17594816,-0.8921715,-0.87433934,-0.37541324,-0.25446752,-0.42547876
Cpsf2,-0.6443919,-0.98209715,-0.6360253,-0.55750024,-0.77826583,-0.7308455
Ifi27l2a,-3.1384654,1.0459608,-0.40466803,-1.9709415,-2.636664,-1.7750187
Glrx5,-0.8785622,-0.058967806,-2.06086,-0.101176724,-1.021329,-0.43164966
Klc1,-0.5121812,-0.77701783,-0.55148983,-0.76675284,-0.048398584,-0.40386814
Siva1,-0.7827436,-1.0262959,-0.78113234,0.10546717,-1.7468295,-1.094609
Akt1,-0.4010889,-1.1307383,-0.4737931,-0.4359834,-0.8598561,-1.4134238
Pacs2,-0.84718597,-0.6266472,-0.623812,-0.6619936,-0.60710025,-0.64606434
Brf1,-0.4729701,-1.6492794,-0.62363523,-0.5164419,-0.32797188,-0.5178293
Ighm,-0.19155182,-1.998512,0.0732311,0.2236138,-1.2006793,-1.6045618
Klf6,-0.92773616,0.29734826,-1.3840233,-0.6091175,-1.070792,-0.42723763
Zmynd11,-0.24101304,-0.99641275,-0.3404593,-0.4424294,-0.18388654,-0.44933262
Lyst,0.06510319,-2.4016018,-0.31685784,-0.3376465,0.01894886,-0.6855209
Hist1h1b,0.1542822,-3.1447325,-1.0371999,0.25912738,-1.57406,-1.8455037
Hist1h1c,0.07250389,-2.4430792,-0.51149607,0.114424765,-1.6308279,-2.2637916
Prss16,-0.059714362,-3.5009837,0.18795171,0.21278557,-0.2924119,0.163474
Ripor2,-0.54094267,0.13151526,-0.45512295,-1.2050022,0.03666112,0.028676808
Gmds,-0.4918277,-2.1364393,-0.4622457,-0.6598302,-0.2983083,-1.0111616
Fars2,-0.14784075,-1.5334374,-0.12468244,-1.6609416,0.4017837,-0.5865538
Dsp,-0.8798323,0.4283051,-0.50637746,-0.2965307,-0.49905145,0.15771931
Nedd9,-0.22304541,-0.76168406,-0.03742349,-1.1952028,0.09550223,-0.54943866
Cd83,-0.92059267,-0.527012,-0.29712486,-0.5138744,-1.4446915,-1.0471866
Mylip,-0.5224074,-0.76034266,-0.5354554,-0.4595495,-1.7406427,-2.0356364
Gmpr,-0.70851684,-1.2936825,-0.6051449,-0.62259173,-0.78597224,-0.5823679
Atxn1,-0.30689695,-1.0804797,-0.12561554,-0.94291747,-0.045060605,-0.8737811
Auh,-0.6080872,-1.279181,-0.49216455,-0.7496102,-0.16370505,-0.57386243
Ubqln1,-0.41339138,-0.4258642,-0.50736684,-0.4015448,-0.4690899,-0.4372341
Agtpbp1,-0.7450178,-1.3892684,-0.18691498,-1.1708198,-0.33836028,-0.96312666
Zcchc6,-0.31337228,-0.9879136,-0.28816965,-0.22743803,-0.561744,-0.59624326
2010111I01Rik,-0.39411405,-0.36284226,-0.3751138,-0.49056476,-0.2392182,-0.32984942
Ctsl,-0.35647666,-1.2621042,0.077540815,0.4787771,-0.6276764,0.42221403
Nsun2,-0.5574603,-0.34163117,-0.7587377,-0.5017878,-1.0997955,-0.6341237
Ice1,-0.47203723,-0.68065435,-0.6643313,-0.50000745,-0.45352593,-0.4422528
Slc12a7,-0.7876543,-0.3723791,-0.47501785,-0.959762,0.02454263,0.12062913
Cast,-0.28079984,-0.69491255,-0.30414367,-0.35279253,-1.0905263,-1.2977265
Fam172a,-0.05431353,-1.9194349,0.1338427,-1.1352581,0.2430581,-0.74854386
Ccnh,-0.6443151,-1.8598557,-0.6490757,-0.5623673,-0.95622724,-1.6805122
Rasa1,-0.1436899,-1.6095135,-0.39794165,-0.37836567,-0.4392444,-1.281689
Ssbp2,0.19685009,-2.8881547,0.047234625,-0.59508526,0.09940234,-1.7804917
Tbca,-0.52105695,-0.47974998,-0.7331351,0.26907158,-1.7266753,-1.2894824
Iqgap2,-0.23121531,-1.2356169,-0.2167559,-1.5357033,0.21860984,-0.22688033
Mast4,-0.47969276,-1.3359799,-0.12268111,-0.426378,-0.5714694,-0.5006055
Srek1,-0.40122664,-0.9398354,-0.46591747,-0.4870716,-0.46052235,-0.5871493
Adamts6,-0.44674024,-1.5664232,-0.57306045,-1.0430737,-0.0051871836,-0.51903176
Pde4d,-0.30802745,-0.2294979,-0.3037996,-0.4412342,-0.051876605,-0.14121595
Hexb,-0.2505532,0.2850134,-0.69673973,-0.7534156,0.6429009,1.48804
Snx18,-1.1114924,-0.21615757,-0.8039649,-1.0381078,-0.9143437,-0.2714311
Il31ra,-0.54915535,0.2266755,-0.756785,-2.1847024,0.89763343,1.7012923
Flnb,-1.0776014,-0.1618994,-0.62782985,-0.8631126,-0.46155363,-0.7167169
Thoc7,-0.43364182,-1.3222975,-1.3579547,0.03262596,-1.858161,-1.9554585
Fhit,0.04653848,-2.5029364,0.26205537,-1.5504329,0.34035477,-1.2763779
Atxn7,-0.4285065,-1.1562958,-0.5085771,-1.0343075,-0.243212,-0.61052436
Top2b,0.089006335,-1.4605316,-0.5932404,-0.10721472,-0.12091553,-1.350493
Anxa7,-0.70523256,-0.28061593,-0.5655583,-0.55889,-0.569589,-0.3786971
Ppp3cb,-0.18530196,-1.6743119,-0.3070138,-0.5038669,-0.3317899,-1.313679
Lrmda,-1.1570337,-1.0762837,0.24613142,-0.81201535,-0.64018,-0.6856843
Kcnma1,-1.4507186,0.062225506,0.24684161,-1.8539981,-0.55089355,0.19551766
Dennd6a,-0.4742586,-0.71985257,-0.44826096,-0.47488925,-0.34848565,-0.39296365
Prkcd,-0.5787973,-0.07210365,-0.540749,-0.5133436,-0.98800606,-0.7250017
Tkt,-1.0466982,0.2892617,-0.65123904,-0.8058926,-0.8257196,-0.0648672
Bap1,-0.7916012,-0.6386389,-0.69859016,-0.6619413,-0.3842047,-0.07094395
Sh3bp5,-1.7498095,0.4045635,-0.7557949,-1.2672598,-1.022207,-0.19217098
Colq,-0.22574937,-1.4800158,0.24397719,-1.6404582,0.3257202,-0.5968446
Parg,-0.44867566,-1.8382664,-0.5010215,-0.5208516,-0.6009321,-1.1450987
Wdfy4,-2.0657158,0.04557687,-0.6803308,-1.3046136,-0.2783167,0.19779885
Ccser2,-0.66390294,-0.069032684,-0.7065652,-0.65937257,-0.6752883,-0.3732321
Tspan14,-0.8586287,0.24671537,-0.6087142,-1.9735599,0.10504092,0.51164865
Tox4,-0.48547855,-0.96595055,-0.57901555,-0.51301545,-0.9802741,-1.0094748
Mrpl52,-0.89378095,-0.25465113,-0.6854905,-0.10258883,-1.6384153,-1.0880408
Psmb11,-0.43305612,-3.3504148,-0.025865108,0.02689518,-1.109268,-1.4635751
Acin1,-0.19777071,-0.24176337,-0.1881299,-0.19573337,-0.18140489,-0.1461626
Psme1,-0.7137167,0.4996333,-0.47306424,-0.08865373,-1.9296637,-1.7380258
Irf9,-2.13441,0.7203851,-1.490203,-1.1432223,-1.0769478,0.7611456
Zdhhc20,-0.34612262,-0.92066264,-0.4667856,-0.44752666,-0.37878215,-0.540559
Ints6,-0.5487411,-1.4195164,-0.60633993,-0.5965209,-0.5779892,-0.8015382
Wdfy2,-0.3809068,-1.1845684,-0.5318581,-0.51422846,-0.6658548,-1.8223113
Mtmr9,-0.740246,-0.6367839,-0.7611682,-0.75524414,-0.74266523,-0.73415726
Ctsb,-0.63799345,0.28402734,-0.6191797,-0.041576978,-0.55218595,0.7816388
Ptk2b,-0.26052856,-0.0580552,-0.3488811,-0.4287105,0.21896398,-0.0555339
Xpo7,-0.41529834,-1.3250673,-0.37176245,-0.42206526,-0.21176358,-0.3442739
Fndc3a,-0.3479342,-1.018621,-0.38991266,-0.6634352,-0.41941786,-1.14799
Lpar6,-0.1031044,-2.2234018,-0.8318821,-0.57423687,-0.7262424,-1.3153851
Rb1,-0.31105393,-1.592546,-0.33071998,-0.39619166,-0.31576526,-1.222455
Lrch1,-0.27143556,-0.631595,-0.231446,-0.38105544,0.13408794,-0.28252172
Lcp1,-0.51007885,0.4608507,-0.88488907,-0.23897575,-0.19632325,0.32641512
Cog3,-0.8049381,-0.7315942,-0.5179526,-0.6383892,-0.5501865,-0.62337583
Epsti1,-0.20058799,0.25000533,-0.19887966,-0.681059,0.076339275,-0.49061543
Fgf14,-0.6480611,-1.6316848,-0.43859664,-0.5660248,-1.9381025,-2.525663
Selenop,-0.2722713,-0.68819124,-0.8462435,0.36779642,-0.88267684,-0.021313936
Rictor,-0.04981903,-1.7004175,-0.27943915,-0.67483664,-0.10136051,-0.81565404
Lifr,-0.5413886,-0.46726537,-0.8059311,0.2024284,-0.60918933,0.56153333
Nipbl,0.00048243254,-1.3771574,-0.0155462995,-0.47186702,0.037058163,-0.52542704
Mtmr12,-0.37589243,-1.1870571,-0.7556019,-0.42785168,-0.49841112,-0.42508656
Myo10,-0.5076555,-0.53888756,-0.49988878,-0.49655786,-0.5498097,-0.596778
Otulin,-0.9035251,0.16778946,-0.66336554,-0.8251195,-0.48955634,0.094277084
Trio,-1.3347764,0.07980807,-0.16114116,-1.6751459,-0.47142047,-0.61250633
Dap,-1.1609426,0.27769583,-0.57377815,-0.6937144,-0.36693794,0.35812926
Vps13b,-0.12335681,-1.1122673,-0.20324871,-0.7017863,0.1365363,-0.5081305
Azin1,-0.44404578,-0.49766004,-0.55973005,-0.421296,-0.41338927,-0.42518386
Trps1,-0.17510146,-1.7171264,-0.44740856,-0.48355684,-0.17440148,-0.73119533
Enpp2,-2.252275,0.19491789,-1.1827813,-0.6213112,-2.0033548,-1.0181568
Ext1,-0.40876034,-0.50475466,-0.18077709,-0.9636249,0.01600293,-0.18890555
Atad2,-0.2836171,-1.604672,-0.43823615,-0.43642783,-1.2260479,-2.135344
Fbxo32,-0.8940972,0.12390302,-0.7302429,-0.95042855,-0.91156054,-0.07766336
Fam91a1,-0.28874835,-1.3144217,-1.1821392,-0.63714665,-0.57228947,-0.6470169
Nsmce2,-0.19765425,-1.1417238,0.006619364,-1.9057689,0.11349043,-0.7689985
Ndrg1,-1.5930057,0.15425281,-0.9975948,-0.8295884,-1.1542965,-0.5399165
Sla,0.07108122,-2.3648372,-0.040282577,-0.38099346,-0.50156844,-1.9776022
Trappc9,-0.36480603,-0.83968455,-0.29213148,-1.164611,-0.045376927,-0.45280534
Ly6a,-2.5731125,0.7892714,0.033528507,-1.6726195,-2.4271007,-1.8170863
Maf1,-0.45326078,-0.3965018,-0.51828825,-0.07173729,-0.79185945,-0.4624212
Txn2,-0.9614646,-0.23629662,-0.49969637,-0.15425812,-1.3907199,-0.87582374
Sh3bp1,-1.3333908,0.56568885,-1.7749981,-1.4948099,-0.9506686,-0.6759318
H1f0,-1.0733377,0.11691898,-0.46596003,-0.5600538,-0.5006169,0.3547346
Tnrc6b,-0.0812725,-1.130126,0.21694458,-0.9010261,0.42616564,-0.22144365
Ep300,-0.27626792,-1.1102691,-0.37292317,-0.44590366,-0.21282823,-0.776264
Aco2,-0.49241167,-0.4203874,-0.4866961,-0.4043439,-0.49367654,-0.40586987
Xrcc6,0.18854344,-3.7141457,-0.03614597,-0.29820228,-0.6608484,-2.0075383
Srebf2,-0.47923818,-0.47431177,-0.49383232,-0.47841108,-0.4580883,-0.36525202
Desi1,-0.13213031,-2.3109093,-0.12912579,-0.15273231,-0.15145394,-0.35910004
Tspo,-0.5593606,0.42528862,-1.7547499,-0.14858837,-1.7925887,-0.903132
Brd1,-0.34812436,-1.0058955,-0.3008847,-0.6301834,-0.4817708,-1.214469
Ano6,-0.010452107,-1.9252746,0.10707748,-0.88525236,0.31775206,-0.7993648
Slc38a1,-0.32756126,-1.3330483,-0.38934678,-0.502217,-0.18753609,-0.48068368
Senp1,-0.7361712,-1.0960662,-0.24801253,-0.34609354,-0.124322236,-0.277819
Ccnt1,-0.36004257,-1.0129007,-0.7199768,-0.5063832,-0.4672876,-0.56504864
Smarcd1,-0.5569318,-0.8960866,-0.55338883,-0.56267464,-0.1579647,-0.3273073
Lima1,-1.2157948,0.105040014,-0.1864976,-0.92818516,-0.352569,-0.65947324
Bin2,-0.38394478,-0.2739927,-1.718243,-0.3375786,-1.0375915,-1.6473551
Krt7,-2.1620202,0.56058764,-1.2676971,-1.4303265,-1.2652829,-0.25930667
Krt5,-2.910904,1.1181406,-3.106573,-2.1929007,-1.6417956,0.00674206
Zfp740,-0.39864162,-0.7084116,-0.5253606,-0.35986626,-0.5094585,-0.37754142
Sp1,-0.23092312,-1.3372599,-0.6640258,-0.1411938,-0.67902535,-1.27264
Hmox2,-0.31233186,-0.92135614,-0.41341987,-0.3228408,-0.69399977,-1.298013
Rogdi,-3.0115633,0.82866096,-1.8028347,-3.041693,-1.8018186,-0.80007607
Rbfox1,-2.113074,0.43865094,-0.39740765,-2.709805,-0.0976979,0.9736079
Socs1,-0.02624568,-1.6794887,-0.39203423,0.016684413,-1.2824085,-2.0570667
Snx29,-0.5092571,-0.9030355,-0.21333203,-0.9197109,-0.18054824,-0.39740276
Mkl2,-0.63573766,-0.6036084,-0.5854673,-0.5973148,-0.61685306,-0.5820802
Mcm4,-0.50825465,-1.2797087,-0.7130544,-0.14169069,-1.2665706,-1.3267927
Ppil2,-0.47118932,-0.7451949,-0.79261625,-0.45585376,-1.8940599,-2.212641
Crkl,-0.40963668,-1.0941664,-0.42658427,-0.36277863,-0.59269166,-0.7787228
Dgcr6,-0.5328444,-1.5846825,-0.7762847,-0.36811432,-0.9215543,-0.6714902
Klhl6,-0.2483716,-1.0639427,-0.5915761,-0.21941136,-0.5648291,-1.3192344
Abcc5,-0.114420176,-2.9221191,0.19388115,-0.8724637,-0.13722938,-1.8718503
Polr2h,-1.1424723,-0.2151008,-0.7324532,-0.41553307,-0.91215205,0.0322662
St6gal1,-0.48372996,-0.18253633,-0.46014422,-1.1355656,-0.1581728,-0.233156
Trp63,-1.1780415,-0.58092487,-0.24045096,-0.34367824,-0.8195983,-0.4632778
Ccdc50,-0.7121185,-0.54144084,-0.62106436,-0.5465728,-1.1723769,-1.5958819
Lpp,-0.23338744,-0.650021,-0.044803962,-0.7609108,0.02191481,-0.3621252
Opa1,-0.5958005,-1.060557,-0.61191756,-0.6415813,-0.44218296,-0.5561627
Acap2,-0.25043485,-1.0488648,-0.43261394,-0.7415689,0.021241121,-0.3375591
Apod,-2.1964152,-0.558927,0.6933042,-0.39977962,-1.8294188,-0.8166287
Dlg1,-0.15623108,-1.3627206,-0.19038635,-0.65859663,-0.097183384,-1.1580334
Pigx,-0.60748535,-0.58139765,-1.0313985,-0.49665302,-1.2741885,-1.6827481
Zfp148,-0.035203144,-1.1728958,-0.16476488,-0.487875,-0.07391473,-1.0966938
Kalrn,-1.2207284,-0.27713817,-0.027267158,-1.6254673,-0.6919044,-0.3757427
Parp9,-1.4125478,0.41477686,-1.9462522,-0.9343943,-0.9222427,0.36735177
Usf3,-0.53943473,-0.7037393,-0.48395526,-0.62717134,-0.380886,-0.4317534
Cd96,-0.35119632,-1.9039917,-0.33603275,-0.5461746,-0.69852436,-1.4075611
Trat1,0.07165639,-2.927782,-0.47973734,-0.088510476,-0.6088177,-1.7305447
Bbx,-0.1717261,-1.4232905,-0.3852923,-0.790429,-0.5085845,-1.7369702
Cblb,-0.43924922,-0.08608814,-0.39935103,-0.47593522,-0.26466507,-0.39171124
Alcam,-0.4898917,-1.0905967,-0.36009565,-0.2908606,-0.7641855,-0.7785541
Zfp654,-0.3869064,-1.483629,-0.6260672,-0.56556726,-0.8643447,-1.582944
Samsn1,-0.94087625,0.3868144,-1.8533659,-0.9686415,-1.6358513,-1.6295712
Nrip1,0.087961555,-1.584737,-0.4309998,-0.5231236,0.12217426,-0.41881913
Cct8,-0.50453085,0.06856397,-0.6934644,-0.15817744,-0.32007486,0.60714
Runx1,-0.012870055,-1.2566168,0.08616625,-0.827091,0.2408654,-0.90718883
Zdhhc14,-0.088836506,-2.7300239,0.20836967,-1.6796439,0.1458219,-1.4823042
Qk,-0.3225841,-1.3755469,-0.32326883,-0.27014816,-0.331199,-0.50079274
Igf2r,-0.5857476,-0.1695396,-0.6006161,-0.53799915,-0.67550457,-0.65018505
Ppp2r1a,-0.28087997,-0.71660966,-0.33795777,-0.24895075,-0.58700943,-0.88147116
Stub1,-0.8363529,-0.022510067,-0.41404557,-0.56156445,-0.6463971,-0.119529516
Axin1,-0.5778478,-0.8183224,-0.59518874,-0.9797783,-0.47079542,-0.7487805
Fkbp5,0.042836525,-2.6069455,0.19936994,-0.1850309,-0.1729171,-1.8713406
Kctd20,-0.4323297,-0.21788731,-0.39337486,-0.36560985,-0.3106193,-0.2687422
Zfand3,-0.27884254,-0.5589175,0.21228436,-0.8777758,0.2987458,-0.6528326
Btbd9,-0.2439143,-1.1255778,0.22910392,-1.7610734,0.5555103,-0.8829277
Pknox1,-0.49686718,-2.0146837,-0.56135523,-0.54206735,-0.72674584,-0.6453072
Zfp871,-0.6532299,-1.7899152,-0.5519925,-0.44051245,-0.62685,-0.8607414
March2,-0.6484078,-0.6361265,-0.7220891,-0.62561524,-1.0155768,-0.8189702
Daxx,-0.79293257,-0.30414852,-2.2935123,-0.6491996,-1.2624333,-1.2239963
Tapbp,-1.3964525,0.90735954,-0.37994823,-0.84900403,-0.4485614,0.4867602
H2-DMb1,-2.5312152,0.46518412,-1.737431,-1.3162388,-1.2329185,-0.056592703
Psmb9,-0.6654124,0.16403385,-0.5741739,-0.32519543,-1.353821,-0.80985844
Tap1,-1.1575751,0.72871566,-0.561773,-1.515661,-0.44672608,0.22897047
Tap2,-0.6531832,-0.13870393,-0.38357633,-0.43170795,-0.18245314,0.15109867
H2-K1,-1.5857613,1.0421231,-0.78502,-0.9372324,-0.29578826,1.4559808
H2-Ab1,-1.0040314,0.7961335,-0.137537,0.15727276,-0.9305248,0.16088694
H2-Aa,-1.0354543,0.7863322,-0.12289128,0.060954154,-0.9748874,-0.37440574
H2-Eb1,-1.0639048,0.70007706,-0.031000346,0.30395707,-2.0675364,-1.6454725
H2-D1,-1.36711,1.1170535,-0.46778795,-0.45837826,-0.82103026,0.38006967
Ppp1r18,-0.56744874,0.20988685,-2.226517,-0.11484924,-1.3821981,-0.48048034
Gnl1,-1.6672602,0.5225136,-1.0624604,-1.3450143,-0.83992374,0.65419734
Znrd1,-0.6779542,-0.8209163,-0.793499,-0.4038114,-1.4995265,-1.3409748
Ubd,-2.4816074,1.1575322,-2.8492215,-1.9016547,-2.0444663,0.21353513
Clic5,-0.6005722,-2.0986438,-0.19865093,-0.48897058,-0.6347262,-0.7650274
Plcl2,-0.36283475,-0.48703018,-0.39753473,-0.7114607,-0.02824971,-0.8064666
Kat2b,-0.45311087,-1.482871,-0.40870887,-0.5289405,-0.07002506,-0.47887042
Sh3gl1,-0.45423716,-1.1342173,-0.5731239,-0.4807117,-0.97816694,-0.7358918
Ranbp3,-0.5734267,-0.96964526,-0.48901102,-0.5879792,-0.33408946,-0.46051198
C3,-2.3100693,0.55585814,-0.3510116,-0.6909263,-0.7987345,0.75924253
Fbxl17,-0.13638738,-0.8895237,-0.20089903,-1.2094731,0.40341824,-0.35954523
Ralbp1,-0.3563983,-0.5633378,-0.42273736,-0.39634353,-0.3331427,-0.3636438
Smchd1,-0.21167505,-0.70358336,-0.5755922,-0.30735868,-0.96422124,-1.5285119
Ypel5,-0.6687997,-0.91875196,-0.560331,-0.07955465,-1.4725306,-1.2566848
Strn,-0.53145856,-1.0316359,-0.54237306,-0.5721029,-0.41492754,-0.540671
Eml4,-0.477068,-0.78138095,-0.5712289,-0.48973548,-0.489281,-0.5672237
Epcam,-2.5033703,0.6437474,-1.2402352,-1.6036417,-1.7279758,-1.776225
Msh2,-0.5136138,-0.9931826,-0.5159806,-0.38515365,-1.0712538,-1.3443611
Svil,-0.35215932,-1.2572105,-0.06577802,-0.7662693,0.011888757,-1.3798805
Zeb1,-0.052643873,-2.1332304,0.1873793,-0.82509744,0.08966303,-1.3583012
Epc1,-0.25502005,-0.78685266,-0.2479675,-0.31380862,-0.06620197,-0.3452958
Ccny,-0.44305432,-0.8387346,-0.4577499,-0.567901,-0.5909354,-1.3265998
Kctd1,-0.40998912,-1.5622718,0.18134123,-0.48841235,-0.9798758,-1.943385
Camk4,0.21041964,-2.1850243,-0.031016737,-0.6959547,0.3073024,-1.1105328
Etf1,-0.44573367,-0.057423286,-0.42438173,-0.19969717,-0.65485483,-0.5655742
Ctnna1,-0.5767334,-0.046649896,-0.2647255,-0.54543257,-0.53016084,-0.36117584
Rnf14,-0.6920882,-1.06195,-0.675938,-0.67927384,-0.7621473,-0.8130125
Arhgap26,-0.6474456,-1.0343325,0.20882618,-1.6973152,0.28949657,-0.11422962
Nr3c1,0.10332824,-2.4931169,-0.07536211,-0.26314026,-0.022059351,-1.1717762
Rbm27,-0.48559693,-1.0533183,-0.528998,-0.52712405,-0.8929689,-1.592195
Ap3s1,-0.016306236,-3.518818,0.0077666044,-0.8620961,-0.49908507,-1.8637056
Snx2,-0.5227287,-0.8659884,-0.5505846,-0.33358902,-0.999908,-1.0641913
Cep120,-0.42790276,-1.1317868,-0.5196111,-0.43091995,-0.8521392,-0.72123754
Dctn4,-0.6148889,-0.74100894,-1.0416377,-0.61269534,-0.5862355,-0.334419
Cd74,-0.6906313,0.67884344,0.16959131,0.28442705,-1.5487761,-1.2161386
Tcof1,-0.17654017,-1.8379583,-0.7896096,-0.32494488,-0.33191565,-0.8425979
Ctdp1,-0.63471496,-1.2151636,-0.67002153,-1.0254538,-0.17450342,-0.5764526
Nfatc1,-0.43534747,-0.4199856,-0.45058134,-0.4466803,-0.4539386,-0.57411605
Atp9b,-0.3706532,-0.92832565,-0.3142395,-0.5522077,-0.08851394,-0.8900262
Zfp407,-0.21758018,-1.5806067,-0.14593433,-0.47475588,-0.013759792,-0.6850945
Cyb5a,0.20640063,-2.1629288,-0.4364583,0.3818809,-1.6195099,-2.3314679
Cpt1a,-0.22366491,-1.4019873,-0.260772,-0.41950983,-0.5378296,-1.0464749
Ppp6r3,-0.27035582,-1.2673645,0.1645936,-0.5054806,-0.15086114,-1.5210315
Unc93b1,-1.1261157,-0.22642207,-1.0857587,-0.65889704,-0.7743,-0.1367048
Cdk2ap2,-0.6134714,0.4960794,-1.197885,-0.3093735,-0.76878226,0.024697274
Coro1b,-0.3641999,-0.7585205,-0.5430262,0.27053112,-1.8708408,-1.8984667
Gm21992,-0.23761709,-1.5376344,-0.064766884,-0.7970964,0.13754034,-0.8009948
Pacs1,-0.50652194,-0.76532143,-0.45829612,-0.9082253,-0.004316941,-0.4781701
Banf1,-0.23284724,-0.8885766,-0.7268647,0.45667544,-1.6212939,-1.320538
Sipa1,-0.61621606,-0.7212826,-0.6374644,-0.6393525,-0.6872434,-0.67540807
Pcnx3,-0.5399349,-1.0109535,-0.52298754,-0.67804956,-0.25251842,-0.4297066
Frmd8,-0.43321306,-0.6807274,-0.47796535,-0.35595244,-0.79610765,-1.0393016
Neat1,-0.6664948,0.22129244,0.06925154,-1.5004027,0.29130557,0.05044833
Capn1,-0.9024756,-0.15307014,-0.680761,-0.7508098,-0.3610664,0.78204036
Prdx5,-0.19741943,-0.73457944,-0.7762997,0.26125097,-1.639869,-1.3199075
Stip1,-0.410833,-0.68112946,-0.86744595,0.040636912,-0.8628191,-0.42182228
Otub1,-0.4949689,-1.2885153,-1.3401854,-0.3127492,-1.2161878,-1.4947528
Cox8a,-0.29217768,-0.8238579,-0.41255748,0.52192473,-2.92727,-2.953626
Mta2,-0.35846,-0.9837159,-0.41602218,-0.20255384,-0.6894175,-0.6408379
Ahnak,-1.4164301,0.0793483,0.26306278,-0.36117128,-1.1639414,-0.7533622
Tmem258,-0.25669774,-1.921462,-0.6820953,0.2049762,-2.7315457,-2.9386506
Fth1,0.0074706767,-0.82707286,0.08026564,0.6130158,-2.3803916,-2.854626
AW112010,-2.605401,1.0402989,-2.2723627,-1.444421,-2.286263,-1.1189624
Mpeg1,-1.2991805,0.10911414,-1.6581964,-0.2371786,-1.3991001,-0.6296653
Gnaq,-0.6405591,-0.7803023,-0.55204725,-0.50226396,-1.100601,-1.7365712
Ostf1,-0.580209,-0.30196524,-0.6700896,-0.5628762,-0.9925525,-0.96685565
Rfx3,-0.19625896,-2.2661467,0.08761352,-0.8011864,-0.0108843595,-1.3433481
Jak2,-0.4488718,-0.16574304,-0.522077,-0.43218988,-0.95734406,-0.9674493
9930021J03Rik,-0.3799839,-1.5721433,-0.5086525,-0.8340627,-0.09982364,-0.6265916
Uhrf2,-0.32073838,-1.6055784,-0.23424473,-0.51148057,-0.1204163,-0.60851365
Malat1,0.00791638,-0.12631163,0.034118544,-0.70852786,0.59524626,0.4222709
Pdlim1,-0.44555575,-0.12521228,-0.3210989,-0.22311956,-0.97356796,-0.7449404
Arhgap19,-0.5375001,-2.1942325,-0.88001716,-0.50585103,-0.6979128,-0.7875526
Dntt,0.29052937,-4.091853,-0.1571028,-0.12294831,-0.044929154,-0.8337854
Scd2,-0.4988793,0.06131147,-0.81139314,-0.25734633,-0.2341058,0.4653858
Btrc,-0.6704999,-1.7420206,-0.14685494,-1.5126984,-0.29716158,-1.3696008
Nfkb2,-2.4481463,0.58393556,-1.6839063,-1.6432287,-1.5772667,-1.4344134
Gbf1,-0.40542156,-0.89136505,-0.36531252,-1.2882354,-0.1401115,-0.3492335
Add3,-1.034641,0.38933423,-0.71738356,-0.8742063,-0.8886708,-0.75459486
Shoc2,-0.43446684,-0.9813477,-0.44928288,-0.43195945,-0.49927232,-0.46665528
Vti1a,-0.3136299,-0.9068767,-0.056794018,-0.9313283,0.004608877,-0.9093524
Frmd4a,-0.5266181,-0.9428601,-0.44708717,-0.5772163,-0.3789003,-0.39966524
Upf2,-0.31190214,-1.1243447,-0.27339327,-0.59708756,-0.6137362,-1.8852264
Taf3,-0.5296674,-1.4528425,-0.6310844,-1.1525782,-0.07956219,-0.63869715
Pfkfb3,-1.1335851,0.0024127066,-0.61013734,-0.7946624,-0.69029117,-0.06080103
Vim,-1.0249829,0.81968236,-1.2822276,-0.28008083,-2.1352692,-1.451827
Nebl,0.18374093,-3.7509828,-0.17367347,-0.58118194,-0.2795424,-1.669406
Plxdc2,0.089633435,-2.777365,0.26284721,-0.75996214,0.023457438,-1.7107526
Pip4k2a,0.03762312,-1.5642732,-0.059859898,-0.8047965,0.3241518,-0.6433094
Camk1d,-0.14972936,0.118887976,-0.24386,-0.98453695,0.81382596,1.3806031
Sdccag3,-0.38926175,-0.54038453,-0.37425822,-0.36604762,-0.08120142,0.12750393
Notch1,-0.3825482,-0.65146494,-0.32543123,-0.60513896,-0.08405094,-0.38465205
Surf4,-0.49018314,0.16184264,-0.5044939,-0.34860486,-0.18479702,0.45546412
Wdr5,-1.2223935,-0.25719932,-0.60592264,-0.6177975,-0.6449108,-0.10477254
Sptan1,-0.23602125,-0.8830104,-0.23177093,-0.26739138,-0.37709153,-1.0496192
Abl1,-0.38893694,-1.6085696,-0.23868762,-0.4031328,-0.27838308,-0.7402526
Fam78a,-0.15226945,-1.0653086,-0.22813323,-0.22981128,-0.07317245,-0.27131838
Fam102a,-2.1670952,0.7021209,-0.5074959,-2.5276306,-0.52706355,0.6056539
Hspa5,-0.65828294,0.7464644,-0.63190114,-0.2607804,-0.6160258,0.15558052
Ndufa8,-0.522411,-0.66264063,-1.3771167,-0.070283175,-2.0185246,-1.9577472
Gsn,-1.0153345,0.22528182,0.63875604,0.30099893,-0.91182804,-0.01737076
Strbp,-0.33424652,-1.7419856,0.01121828,-0.34244084,-0.26585984,-0.9457916
Dennd1a,-0.10218796,-1.4499407,-0.11476807,-0.46786654,0.014891826,-0.8572327
Ppp6c,-0.6042575,-0.38664037,-0.6132933,-0.47533688,-0.43925413,0.43033803
Scai,-0.47075698,-1.4709852,-0.49491143,-0.5837383,-0.40067527,-0.8955004
Gtdc1,-0.04837632,-2.0558848,-0.31343305,-1.0115677,-0.07280841,-1.6485715
Arhgap15,0.077546775,-1.315059,0.12297925,-0.60036683,0.36724263,-1.1854415
Fmnl2,-0.48103654,0.03248916,-0.48333713,-0.5408366,-0.49895138,-0.6913317
Prpf40a,-0.10203809,-1.0998299,-0.5746442,-0.10682564,-0.6794423,-1.3375063
Cytip,-0.42621475,0.51069313,-2.0391915,0.061885864,-1.024122,-0.5893128
Tanc1,-0.87713873,-0.7539379,-0.6551953,-0.6087413,-0.85432374,-0.75152755
Ubr3,-0.43037444,-1.6188433,-0.29775712,-0.4666731,-0.28578815,-1.0490035
Slc25a12,-0.56489384,-0.95337886,-0.65670985,-0.5727466,-0.5607944,-0.61264503
Itga6,-0.55023044,-0.27675962,-0.5709795,-0.6500175,-0.561192,-0.7647104
Ssrp1,-0.45410138,-0.05928717,-0.42321706,-0.09065052,-0.75851387,-0.39276505
Celf1,-0.16580278,-0.48780847,-0.25828516,-0.3081486,0.33280623,0.041201353
Trp53i11,0.036034998,-3.0581727,-0.49636036,-0.3654666,-0.3715842,-1.2949772
Rag2,0.124563664,-3.8057556,-0.39258206,-0.3605975,-1.1588137,-1.8582764
B230118H07Rik,0.3775469,-3.7284093,-0.24556985,-0.6925421,-0.90395343,-2.1677043
Trim44,-0.3671538,-1.0147882,-0.35648102,-0.3736232,-0.41750208,-0.85127795
Ldlrad3,-0.14601462,-3.460037,-0.032087803,-1.1270342,-0.13383862,-1.7258762
Cat,-0.16516972,-0.94075805,-0.9187628,0.20269023,-2.0110688,-1.7995337
Abtb2,0.016199514,-1.6925532,-0.04214123,-1.3027546,0.42218518,-0.6259482
Fbxo3,-0.41925216,-0.6998312,-0.5527521,-0.43256325,-0.79465187,-0.9577632
Rag1,0.5181735,-4.1375194,-0.35233763,0.03987573,-0.10681467,-1.0498765
Aqr,-0.52551436,-1.2953511,-0.6776657,-0.48699623,-0.59155536,-0.56869954
Bmf,0.11360905,-3.0490823,-0.41554305,-0.35569185,-1.126484,-1.8723108
Bub1b,-0.39656156,-2.1969252,-0.37283495,-0.38281327,-0.718809,-1.1308475
Ctdspl2,-0.21264958,-1.6585644,-1.4087975,-0.31569597,-0.7646639,-0.9212967
Dut,-0.24123113,-1.5642068,-0.37268245,0.21459523,-0.92636377,-1.5447474
B2m,-0.7271987,0.89126325,-0.21418199,-0.06377981,-0.34182185,0.53322595
Gabpb1,-0.4295748,-1.25225,-1.110254,-0.4143195,-0.8015269,-1.0903449
Stard7,-0.62689924,-0.18358412,-1.2246554,-0.41518715,-1.6988486,-1.4583956
Dusp2,-0.66060704,0.027564943,-1.5919929,-0.68510723,-0.87515473,-0.4842493
Bcl2l11,-0.40630013,-0.47410917,-0.48154676,-0.36728483,-0.36586672,-0.36059183
Sirpa,-1.4866996,-0.059191182,-1.7623048,-0.9317083,-0.83301175,0.8452176
Ddrgk1,-0.9991099,0.26181614,-1.224973,-1.3240908,-0.53988576,0.5839294
Atrn,-0.61186314,-1.5049971,-0.7242705,-1.3537025,-0.17903292,-0.6075334
Prnp,-1.6880584,0.44100216,-0.5893549,-0.7739101,-1.7497199,-1.3346202
Cds2,-0.5100399,-0.59116507,-0.5263565,-0.5408417,-0.31169742,-0.32884747
Macrod2,-1.7550159,0.33594614,0.0053808093,-1.1141511,-1.7988353,-1.9023778
Snrpb2,-0.53176206,-0.13175873,-0.8330102,-0.34152943,-0.6133944,-0.3075382
Cst3,-1.3262028,1.1273797,-0.72811544,-0.6824348,-0.8380224,0.5263078
Fkbp1a,-0.27214977,-1.1170727,-0.3139523,0.12846568,-0.8600237,-1.1427655
Rbck1,-0.5323374,-0.21244256,-0.4924244,-0.36970627,-0.41390288,-0.025060356
Dynlrb1,-0.1547949,-0.78417736,-0.53851986,0.3402906,-1.3327367,-1.1686238
Edem2,-0.76211095,-0.7194456,-0.73222655,-0.7406633,-0.7571993,-0.6506678
Samhd1,-2.2267425,1.0648625,-2.675332,-1.7890006,-1.5558207,0.3432967
Rprd1b,-0.64643794,-0.7606281,-0.62701905,-0.6046586,-0.6749152,-0.7104566
Ralgapb,-0.42521822,-0.9163327,-0.4919044,-0.55921173,-0.23577976,-0.52567124
Chd6,-0.18773873,-0.88023126,-0.20656,-0.43127966,-0.20330971,-0.51988184
Ada,-0.32875508,-3.3295956,-1.226155,-0.13240685,-1.7174925,-1.7021009
Sdc4,-1.0333707,0.013644546,-0.46911877,-1.0153676,-0.49295855,0.76631343
Pltp,-0.55198836,-2.146207,0.28464407,-0.017638683,-1.2826984,-1.8491595
Ptpn1,-0.45416486,-0.0072697327,-0.9671985,-0.44121757,-0.43250725,-0.3814017
Zfp217,-1.107537,-0.15450475,-0.6603148,-0.6866606,-0.46629697,-0.26298484
Stx16,-0.47626972,-1.2056566,-0.44077134,-0.7495323,-0.24532494,-0.5881641
Gnas,-0.31913608,-0.7213825,-0.32597536,-0.011908516,-1.8937645,-2.0640004
Ctsz,-1.8907971,0.7378067,-1.2164259,-1.1297163,-0.7441431,-0.096976936
Cdh4,-0.559294,-1.8806906,-0.34413764,-0.43048945,-0.70566946,-0.46218425
Ogfr,-0.9977761,0.20270896,-1.1586078,-0.27899864,-0.36557043,0.49946398
Rps21,-1.2065182,0.99369484,-0.6608078,-0.80972606,-0.5713515,1.3518113
Ythdf1,-0.60595167,-1.0231447,-0.67113376,-0.4838143,-0.82403433,-0.660518
Dnajc5,-0.3133692,-0.6257374,-0.30600384,-0.26584888,-0.70164233,-1.4357345
Zfp704,-0.34033743,-2.8723497,-0.12586182,-0.79017943,-0.6470386,-1.814964
Fabp4,-1.055356,0.5477921,-0.40704885,-0.054294787,-1.7754508,-1.2343227
Pag1,-0.0049655586,-1.6762512,-0.041335136,-0.82060707,0.200357,-1.0484914
Pde7a,-0.83635575,-0.13173471,-0.6879028,-0.7072363,-0.5465268,-0.76753277
Nlgn1,-0.57643133,-1.8895833,-0.3961189,-0.4478905,-0.5952995,-0.91943985
Phc3,-0.57741284,-0.55024296,-0.31649366,-0.60245407,-0.20597431,-0.1848065
Skil,-1.5284939,0.54891676,-1.6297166,-1.5000331,-0.5917283,-0.19961447
Atp11b,-0.26363528,-1.1486691,-0.40692854,-0.8586447,-0.1865913,-0.7820754
Anxa5,-0.34464282,-0.1913602,-0.96177596,-0.055633694,-1.720568,-1.91805
Elf2,-0.30826697,-0.62984633,-0.33282146,-0.3935303,-0.31910092,-0.37163892
Maml3,-0.35560644,-1.0005296,0.056925178,-1.4918244,-0.061934307,-0.8204644
Dhx36,-0.6483598,-1.2072254,-0.63309675,-0.61755645,-0.683985,-0.66545624
Tiparp,-0.39331117,-2.8062153,-0.54493326,-0.64509445,-0.8922504,-1.9982148
Arfip1,-0.60981643,-0.5897453,-0.57981884,-0.5925679,-0.6557978,-0.587504
Fbxw7,-0.3093121,-1.1303842,-0.17953263,-0.56169116,0.015157163,-0.72751474
Gm37240,-0.7831784,-1.6509688,0.41734052,-1.3674235,0.017409205,-0.42588943
Tmem131l,-0.16585538,-1.0079361,-0.059686244,-0.47453398,0.24852572,-0.16105121
Etv3,-0.979244,0.5122567,-1.1465955,-1.0634922,-0.29941648,0.4147883
Ash1l,-0.2268855,-1.2685415,-0.053448364,-0.90498465,0.06073673,-1.4249904
Dpm3,-0.56348985,-0.9289913,-0.5862654,-0.21824138,-2.0441277,-2.1495767
Pygo2,-1.295143,-0.23379876,-1.5270454,-0.8694159,-0.69843537,0.6147735
Pbxip1,-1.7133423,0.21536255,-1.3757997,-1.4187196,-0.83835006,0.36973584
Ube2q1,-0.68891,-0.112420805,-1.1109884,-0.41647676,-0.31571537,0.2880262
Ilf2,-0.5162389,-0.5791577,-0.50570893,-0.4783529,-0.40419018,-0.39765787
S100a16,-2.044695,0.8194767,-1.9045243,-1.1685095,-1.7156448,-0.72769976
S100a4,-3.9381914,0.7226389,-3.6988668,-3.5200577,-3.0475106,-1.8963819
S100a9,-2.3637123,-1.5635198,-1.5212997,0.20588869,-2.7757282,-2.6704795
S100a6,-2.9943829,1.0772557,-0.57873374,-2.3607588,-2.4810624,-1.8032678
S100a10,-0.3389973,-0.4717456,-0.6268208,0.25388515,-1.292589,-0.6342609
Psmb4,-0.63239384,0.0842844,-0.37397152,0.25975913,-0.8692079,0.59413636
Gabpb2,-0.2953636,-1.7606995,-0.4826914,-0.45803952,-0.48359632,-1.4977325
Ctss,-1.808964,0.7283112,-1.16553,-1.0671535,-1.451169,-0.7298869
Cdc42se1,-0.2549602,0.24572855,-0.6579819,-0.26021254,-0.20216574,0.4049186
Anp32e,-0.24327242,-1.1175488,-0.34787005,-0.04619732,0.026954088,0.22778359
Notch2,-0.7633945,-0.36089635,-0.66948926,-1.0274994,-0.39080468,-0.5946162
Man1a2,-0.2024863,-1.2248249,-0.5390589,-0.418858,-0.24371882,-0.5525418
Cd2,-0.68005407,0.53504026,-1.4541566,-0.6482924,-0.43764377,-0.020177454
Bcas2,-0.6678239,-0.026553601,-0.9231088,-0.24325493,-1.0686257,-0.63801515
Trim33,-0.24744451,-1.3079058,-0.35394067,-0.91103303,-0.14632966,-0.865394
Ptpn22,-0.4546871,-0.5691141,-0.46828824,-0.48311943,-0.5691565,-1.1124442
Magi3,-0.116785645,-3.0226665,-0.13287875,-1.1777693,-0.08164201,-1.7626665
Atp5f1,-0.2668965,-0.46353984,-0.54421484,0.19033201,-1.6375487,-1.4670895
Cept1,-0.52880776,-0.48851207,-0.60106665,-0.510414,-0.67394936,-0.562861
AI504432,0.025503345,-3.145565,-0.40044,-0.3536726,-0.77476245,-1.9517938
Vcam1,-0.59303075,-0.1154138,-0.62255156,0.15459397,-0.5738124,1.0145785
Ptbp2,-0.2480658,-2.109167,-0.44982433,-1.209749,0.13330555,-1.3385947
Fnbp1l,-2.1349645,0.4410331,-2.3843734,-1.4769114,-1.7279633,-1.5135987
Camk2d,-0.42379397,-0.8520563,-0.3173045,-0.5652442,-0.10249363,-0.48113766
Nfkb1,-0.59915584,0.24225405,-0.3434235,-0.3006265,-0.3629504,-0.13491827
Ppp3ca,-0.50145817,-0.32929128,-0.47748595,-0.49157423,-0.35110533,-0.3897748
Pdlim5,-0.50299144,-1.2743528,-0.790606,-0.50465846,-0.4224825,-0.38642004
Gtf2b,-0.67389494,-1.0392675,-0.5998498,-0.50440013,-0.54841125,-0.44965726
Pkn2,-0.48155984,-1.8413029,-0.2997224,-0.5058027,-0.46441662,-1.1900773
Sh3glb1,-0.31627724,-0.40043995,-0.33254763,-0.11452322,-1.7366487,-1.7118373
Bcl10,-0.6975299,-0.1610725,-1.3748391,-0.49608606,-0.59282255,-0.02242148
Zzz3,-0.6593643,-0.9110844,-0.3067869,-0.7281609,-0.11128774,-0.5771297
St6galnac3,-0.57827973,-0.5926809,-0.5537841,-1.8780806,-0.0056575835,-0.5058451
Wls,-0.55494773,-1.1803004,-0.46846703,-0.40072608,-0.80631745,-0.7954788
Nsmaf,-0.32081217,-1.4393528,-0.34578305,-0.3244812,-0.7618406,-1.1465117
Tox,0.102264315,-0.85866475,-0.18349603,-0.6762917,0.49946293,0.09021744
Trp53inp1,0.21396822,-1.9697282,-0.6267041,0.034024343,-0.4440196,-0.6924466
Casp8ap2,-0.30692437,-1.488087,-1.7573322,-0.40846342,-0.7766018,-0.9698108
Bach2,-0.8474944,0.68983877,-0.751657,-1.5518004,0.15440337,0.58715427
Mdn1,-0.6755603,-0.23630577,-0.7020527,-0.54974234,-0.71384716,-0.6871139
Ube2j1,-0.55873835,-0.5208504,-0.66136765,-0.52327406,-1.0021788,-0.597012
B4galt1,-1.0496714,0.003223449,-0.54071444,-0.57465124,-0.97509813,-0.79613364
Chmp5,-0.59660494,-0.30376154,-0.58268213,-0.23934229,-1.1261084,-0.6245208
Ubap1,-0.6672698,-0.53217405,-1.6571457,-0.6454257,-0.9457065,-0.9086565
Il11ra1,-2.1701303,0.7799547,-1.0055879,-2.2256203,-1.2859573,-0.0014526248
Glipr2,-2.4609876,0.8738872,-1.7553267,-2.3535948,-2.1211903,-1.1957148
Zcchc7,-0.21748377,-0.89947575,-0.22640479,-0.9098539,0.20750919,-0.9531319
Tgfbr1,-0.2714457,-1.0956397,-0.08127645,-0.62559533,-0.5465058,-1.5257927
Tnc,-1.1912363,0.29108307,-0.44409487,-0.58458376,-0.9028821,0.35626113
Kdm4c,-0.1747089,-1.4255406,-0.4244261,-1.0210824,-0.18938655,-1.4625571
Nfib,-1.2899165,-1.0784862,0.3416173,-0.55056477,-0.55813503,0.18621385
Snapc3,-0.32704064,-3.0237935,-0.49423522,-0.77782047,-0.44207203,-1.7225776
Mllt3,-0.14878275,-0.34672967,-0.15182996,-1.0355725,0.13249005,-0.4913483
Plaa,-0.46502846,-0.5484135,-0.5317128,-0.47540754,-0.57619053,-0.7293827
Nfia,-0.535861,-0.509946,-0.19217907,-0.45480043,-0.26418054,-0.32118884
Dnajc6,-0.09072376,-3.0984893,-0.009061009,-1.5095617,-0.48721898,-1.619092
Wdr78,0.118341714,-3.5943384,-0.16889828,-0.8061323,-0.62847686,-1.8509189
Lrrc42,-0.5124975,-0.020778038,-0.8782854,-0.4785861,-1.1954315,-1.1556656
Magoh,-0.57622504,-0.9662768,-0.71192193,0.23259258,-2.2744617,-2.406849
Uqcrh,-0.425122,0.27745473,-0.94408315,-0.0021065474,-0.7311208,0.76844364
Eri3,-0.6043749,-0.94806457,-0.48720318,-0.75858194,-0.5128709,-0.68425214
Svbp,-0.55689937,-0.7604256,-1.5482681,0.1666092,-2.0829806,-1.4646618
Rlf,-0.26686275,-1.8118298,-1.2454249,-0.56917506,-0.2275643,-0.38439393
Cdca8,-0.6582613,-2.1330495,-0.33864352,-0.54654515,-1.6481044,-2.3209696
Ago1,-0.49529934,-0.61422193,-0.53159964,-0.5571569,-0.51032484,-0.64039564
S100pbp,-0.54138565,-1.0458729,-0.55912185,-0.5864149,-0.39566475,-0.48328805
Bsdc1,-0.6976886,-0.085323825,-2.019216,-1.4235876,-0.51217645,-0.13546652
Txlna,-0.33407557,-1.3158587,-0.69791174,-0.37691343,-0.55374634,-0.35906628
Khdrbs1,0.007655386,-1.3377903,-0.22908008,-0.6703689,0.04224135,-0.5412185
Sdc3,-1.4674927,0.3364156,-1.0789318,-1.2119982,-0.43020645,0.8515835
Srsf4,-0.3283867,-0.40866005,-0.3059762,-0.31678587,-0.31121957,-0.29270065
Gmeb1,-0.28382152,-1.6259723,-0.5209193,-0.90646017,-0.27165866,-0.8678037
Ythdf2,-0.5060455,-0.7117114,-0.50804365,-0.46204114,-0.5271765,-0.56004953
Trnau1ap,-1.155966,0.1625126,-2.1864088,-0.8598369,-1.0163255,-0.07851142
Cd52,-0.63153934,0.95237887,-1.5367216,-0.12487202,-0.9904813,0.5052881
Runx3,-1.8402817,0.41292316,-1.664798,-1.2645893,-1.739378,-1.4075391
Pithd1,-0.4180918,-2.0889416,-0.183386,-0.1748969,-1.1655142,-1.7673726
Lypla2,-0.89301455,0.14946763,-0.52226424,-0.4621403,-0.3844072,0.51694787
Id3,-0.35308892,-0.3262447,-1.3133278,-0.13548571,-1.2821499,-1.60691
E2f2,-0.4278024,-2.8141804,-0.28671867,-0.39567465,-0.6447965,-1.4858013
C1qc,-0.9498546,0.19051659,-1.2029252,-0.0014832765,-1.08074,0.25808966
C1qa,-1.1319249,0.5537628,-0.9150771,-0.5260333,-0.4158576,1.1910353
Ece1,-0.86636937,-0.19250321,-0.36591125,-0.44404155,-0.5338694,-0.10975653
Capzb,-0.23784763,0.09284486,-0.30314568,-0.17893833,-0.33512324,-0.3036047
Spen,-0.5094509,-1.0880948,-0.43832576,-0.5172442,-0.52465296,-0.7636231
Prdm2,-0.4358023,-0.83457905,-0.46065435,-0.54719716,-0.1952392,-0.49550194
Efhd2,-0.91874623,0.52114564,-0.94099146,-0.2520802,-0.26504892,0.90031624
Pik3cd,-0.90428776,0.5870634,-0.9072839,-1.5926403,-0.1194734,0.5822611
Kcnab2,-0.54153323,-0.3446291,-0.8015568,-0.5359237,-0.94272715,-1.7047415
Fam213b,-0.60617554,-1.2126865,-0.56237394,0.48710394,-2.041389,-1.2373573
Ski,-0.78803825,0.33342868,-0.32027972,-0.93624794,-0.21183231,0.44809353
Ube2j2,-0.5183195,-0.528739,-1.6079199,-0.40605652,-0.5416279,-0.36077693
Sdf4,-0.61485636,0.55145144,-0.9421061,-0.28288317,-0.56194365,0.32879668
Noc2l,-0.6072682,-0.5156547,-0.5818119,-0.5278754,-0.9086075,-1.03077
Cdk6,-0.21771964,-1.6337874,-0.19290403,-0.47168714,0.08440788,-0.47964662
Rbm33,-0.26046482,-1.0621984,-0.3543795,-0.692971,-0.010133803,-1.1198776
Hadha,-0.46785948,-1.2427402,-0.24178317,-0.51756,-1.5026383,-2.0324838
Ppm1g,-0.332112,-1.1217706,-0.35121787,-0.25902626,-0.6123544,-0.6017506
Ppp1cb,-0.13448575,-0.27083945,-0.27885664,-0.052737847,-0.7429166,-0.6803443
Nsd2,-0.23124835,-2.0337982,-0.10002522,-0.80293727,-0.23003724,-1.1988542
Rnf4,-0.44674093,-0.4372239,-1.2832648,-0.43921468,-0.49919304,-0.4927322
Htt,-0.5849145,-0.64728594,-0.48236668,-1.2087685,-0.16384903,-0.5959349
Tapt1,0.030088358,-3.1430445,0.1161131,-0.8019779,-0.19488767,-1.5661217
Smim14,-0.50559604,-0.23900416,-0.51160413,-0.3388822,-1.0427802,-0.44371277
Atp8a1,-0.284417,-1.3633571,-0.2073675,-0.749637,-0.11375515,-0.7494956
Paics,-0.5153692,-0.9630673,-1.081583,0.1611351,-1.9316983,-1.7848586
Polr2b,-0.603887,-1.4544852,-1.5245101,0.103710696,-1.744103,-2.0650997
Csn2,-4.127,1.045569,-4.050906,-3.7136083,-3.011457,-2.4580464
Parm1,-2.6171353,0.50023144,-0.7360152,-1.6670327,-1.2761043,-0.35207397
Uso1,-0.5270102,-0.54643404,-0.52555424,-0.51693654,-0.87979126,-1.3263044
Bmp2k,-0.4100201,-0.47291553,-0.4642099,-0.5124732,-0.31138375,-0.35682812
Sec31a,-0.52404356,-0.6522713,-0.4687462,-0.44751975,-0.53158283,-0.44865596
Sparcl1,-2.3023682,-0.052614003,0.033499956,-1.0138807,-1.9241953,-0.5116632
Gbp8,-0.27244276,-0.23017165,-0.31884554,-0.44215402,-0.27663523,-0.6562549
Tgfbr3,-0.5584894,-0.9103643,-0.108036816,-0.5865476,-0.37329543,-0.5564211
Gak,-0.4243102,-0.736743,-0.4678638,-0.37283462,-0.76920396,-1.3141947
Ube3b,-0.83013374,-0.19031331,-0.3868264,-0.5237908,-0.046659455,0.027486742
Oasl2,-1.9497099,0.6060085,-0.80208194,-0.66187155,-1.9793183,-0.9760717
Bicdl1,-0.49080282,-1.460271,-0.26150793,-1.2730112,-0.041488543,-1.3652427
Med13l,-0.020700067,-0.904276,-0.20108554,-0.79797524,0.3074245,-0.6269568
Tpcn1,-0.3221097,-1.5893189,-0.40137494,-0.78106624,-0.02979964,-1.1947649
Ddx54,-0.32239473,-0.84245276,-0.3601766,-0.352597,-0.43588734,-0.4703158
Hectd4,-0.07048109,-1.6152472,0.06660056,-1.2321788,0.10698852,-1.0863655
Trafd1,-1.2241523,0.6628942,-1.680331,-0.7465404,-0.6611066,-0.14886191
Atxn2,-0.33667797,-1.6569077,-0.3822228,-0.73056465,-0.24550474,-0.6091119
Arpc3,-0.47772032,-0.5402591,-0.45075738,-0.39413235,-0.88193774,-1.1647677
Auts2,-1.2110057,-0.14309032,0.42199546,-1.3243306,-0.02592197,-0.4199544
Gtf2i,-0.24966413,-1.0755582,-0.25869784,-0.29128182,-0.53297955,-0.69117236
Mdh2,-0.31383008,-0.2500689,-0.30381674,-0.092288695,-0.95964193,-0.6484872
Trim56,-0.35649732,-0.39072466,-0.46056196,-0.32168376,-0.8482445,-0.45010185
Srrt,-0.30011666,-0.9784867,-0.3227752,-0.31359875,-0.53431463,-0.49417138
Cux1,0.057375614,-2.328878,0.21303758,-0.66644233,0.38201398,-0.7063336
Gnb2,-0.2251287,-0.022612138,-0.14593399,-0.15305167,-0.05280786,0.0014781952
Ppp1r35,-0.6440042,-1.2760143,-1.0453765,-0.18476592,-1.0595675,-0.72182
Mad1l1,0.075808525,-3.0496128,0.17456117,-1.5296502,0.628453,-0.7490094
Tnrc18,-1.1332382,0.0903866,-0.5510614,-1.3707643,-0.40139097,0.12618387
Fscn1,-3.6120863,1.3102245,-3.1696775,-3.3581166,-3.0162158,-2.6116138
Rac1,-0.26418835,-0.7370973,-0.30351284,0.22768265,-1.0360427,-1.3489994
Actb,-0.08898845,0.2293832,-0.37766448,-0.22090156,0.28280357,0.9853606
Pan3,0.091306075,-1.8264365,-0.05525799,-0.8951018,0.27363554,-0.9278031
Uspl1,-0.30231702,-1.4215157,-0.33130205,-0.8154979,0.044014692,-0.6165016
N4bp2l2,-0.1465434,-0.6740778,-0.7380978,-0.21207842,-0.7145867,-1.1181941
Cdk8,-0.13111833,0.15276796,-0.39657253,-0.63307434,0.62754154,1.335787
Phf14,-0.008738391,-1.4081893,-0.25876078,-0.7363442,-0.001225695,-1.2750319
Gm45062,0.29956272,-3.8283236,0.13494864,-0.691761,0.23592609,-1.4710469
Tes,-0.7102642,0.07168521,-0.81952643,-0.6473311,-0.66388226,-0.3755142
Ndufa5,-0.83436733,-0.6187322,-0.58311826,-0.012656599,-1.7642012,-0.84071606
Impdh1,-0.32683727,-2.1973903,-0.44252896,-0.3632171,-0.8866344,-2.0469713
Ahcyl2,-0.65793365,0.28025073,-0.68469375,-0.8973117,-0.7822625,-1.0501211
Nrf1,-0.13317916,-1.2913222,-0.32884255,-0.6603997,0.038225397,-0.28818595
Klhdc10,-0.5223935,-1.1964076,-0.48002252,-0.74531317,-0.6353002,-1.6875068
Lncpint,-0.68763053,-0.70771086,-0.6081588,-0.6942115,-0.58727723,-0.47761536
Mkln1,-0.13392453,-1.0504053,-0.284642,-0.7059895,-0.25057852,-1.719185
Exoc4,0.032857247,-1.4728518,0.19142824,-0.8814571,0.31130365,-1.1157755
Creb3l2,-0.70497406,-1.0582608,-0.64207196,-0.6420655,-0.66066015,-0.5815758
Zc3hav1,-0.38490844,0.10964307,-0.46023414,-0.40199888,-0.52960587,-0.47622424
Ubn2,-0.32561147,-0.75672954,-0.39824757,-0.4575783,0.15972534,-0.2552985
Mkrn1,-0.4708615,-0.4504764,-1.0229049,-0.4263326,-0.6245845,-0.46355313
Trbc1,0.09025706,-2.0949335,-0.046072826,0.28254622,-0.9057427,-1.9246835
Cul1,-0.5045852,-0.4964779,-0.46382746,-0.45562854,-0.34768945,-0.36050397
Gimap4,-2.5564365,0.868491,-3.2277477,-1.9156379,-1.5203792,-0.1376819
Gimap3,-2.7951722,0.81851184,-2.5994878,-2.7479444,-1.4550047,-0.80326056
Tmem176b,-1.2808805,0.45586777,-0.25574782,-0.27537262,-1.9683836,-0.99758875
Aqp1,-2.202944,0.020026825,-0.27662295,-0.62098193,-1.3004625,-0.5845263
Vopp1,-1.9512396,0.4135339,-1.194382,-1.9694003,-0.82596517,-0.036063194
Gng12,-0.6207193,-1.0560306,-0.42962116,-0.59881413,-0.9738649,-0.9823151
Igkc,-0.96533704,-0.9121578,0.4306392,-0.3954181,-0.24177387,0.026683033
Cd8a,0.11127852,-3.1618955,-0.06295965,-0.0009467304,-0.49631196,-1.7886755
Rmnd5a,0.23348057,-2.9623413,-0.43865484,-0.060372062,-0.041493043,-0.8349749
Reg3g,-4.2053833,0.4330058,-3.9143603,-3.9480867,-3.6849904,-3.003974
Dguok,-0.78396213,-1.0678544,-0.8067905,-0.8109976,-1.0163755,-0.93134815
Tet3,-0.3331923,-0.11354121,-0.40099916,-0.741797,0.08001791,0.14540389
Exoc6b,-0.4050688,-1.3199347,-0.3449362,-0.90170884,0.015027583,-0.7178242
Tia1,-0.31871653,-1.2903445,-0.34911713,-0.3933736,-0.29590988,-0.91017455
Gfpt1,-0.99583024,0.13116246,-0.98179585,-0.77700037,-0.78813505,-0.6174802
Arhgap25,-0.48698008,-0.9192519,-0.5625924,-1.5764627,-0.104837954,-1.1930401
Copg1,-0.62351847,-1.3401564,-0.80674934,-0.63329077,-1.0022517,-1.6148968
Eefsec,-0.3301553,-1.6516204,0.17629474,-1.0206844,0.0516996,-1.0595651
Tmem43,-0.67575014,-0.84750307,-0.6324462,-0.58532953,-0.6145678,-0.1435554
Lsm3,-0.59220386,-0.9420403,-0.59507513,0.212745,-1.9279997,-1.1188989
Slc6a6,-0.46204108,-0.3692516,-0.4468708,-0.4454072,-0.4185715,-0.37974963
Gm20696,-0.45032802,-2.4327784,-0.092910856,-1.1954243,-0.0855671,-0.94076014
Itpr1,0.0031573698,-1.9932828,-0.1455097,-1.0350671,0.26831764,-0.7523102
Vgll4,-0.56382656,-0.65321016,-0.5666757,-0.77027774,-0.31281865,-0.37596214
Raf1,-0.35951912,-1.1446009,-0.375679,-0.37741518,-0.46749592,-0.47137618
Cxcl12,-0.09592115,-3.560265,-0.005429998,0.25029632,-1.3710628,-1.5040781
Atp6v1e1,-0.42737815,-0.24372688,-0.49139965,-0.3083889,-0.37490225,-0.16071294
Foxj2,-1.2303423,-0.02671723,-1.0969076,-0.56731623,-0.71252984,-0.26867425
Cd4,0.06700209,-1.6639413,-0.174085,-0.28205636,-0.09340593,-1.2192907
Ccnd2,-1.9400079,1.1654696,-0.9913747,-1.9659753,-0.8137702,0.58984435
Etv6,-0.30572695,-0.32308978,-0.26881903,-0.9039351,0.03559068,-0.31532556
Lockd,-0.49303558,-2.523209,-0.26483878,-0.18994726,-1.5700655,-2.1565886
Mgp,-2.608296,0.9455215,0.04378873,-1.3231525,-2.221001,-1.4615399
C2cd5,-0.34932998,-1.1727401,-0.51495665,-0.5986006,-0.26837024,-0.65593195
Epn1,-0.6026495,-0.510455,-0.55290425,-0.5339154,-0.5873481,-0.5275615
Rps9,-0.44427085,0.57091326,-0.8671864,0.015129,-0.28165454,1.1482942
Trim28,-0.21122998,-0.81933886,-0.6382594,-0.07366459,-0.42279378,-0.31907973
Rps5,-0.3093611,0.3520528,-0.74160993,0.3102248,-0.85485595,0.32724386
Napa,-0.56724155,-1.0948118,-0.59930396,-0.574022,-0.8446348,-1.0295259
Slc1a5,-0.62882686,-1.1372392,-0.42092758,-0.7571504,-0.53081775,-0.8255137
Strn4,-0.6068844,-0.52478266,-0.66066825,-0.56871307,-0.6086335,-0.57537746
Prkd2,-0.32580554,-1.1124439,-0.6441972,-0.15692863,-0.63028044,-1.1076732
Vasp,-0.72125053,0.47538918,-0.8168835,-0.72130245,-0.87763625,0.013900876
Relb,-2.458163,0.7031899,-2.714701,-1.7774994,-2.3598356,-1.6381236
Clptm1,-0.63101315,-0.41136563,-0.603555,-0.63282454,-1.1428949,-1.2823192
Apoe,-0.498234,0.020619933,-0.13798529,0.5365983,-0.7357016,0.4048454
Rabac1,-0.32778972,-0.59785676,-0.43625873,0.13915344,-2.2015119,-2.2463794
Ccdc97,-0.64995766,-0.7586087,-0.6613507,-0.6575612,-0.5917562,-0.5703988
Hnrnpul1,-0.21386603,-0.82707465,-0.3869745,-0.23076114,-0.22636253,-0.30849195
Psmc4,-0.40407908,-1.2557325,-1.0713646,0.16891488,-1.6240023,-1.8051549
Fcgbp,-3.4975853,1.3958293,-3.8253975,-3.3981311,-2.7314005,-1.9863838
Rinl,-0.6671275,-0.2641841,-0.6744511,-0.662048,-0.8522937,-0.9890947
Kmt2b,-0.53933483,-0.9202907,-1.4187458,-0.55875534,-0.57482934,-0.5705143
Cox6b1,-0.14034696,-0.36397523,-0.43857598,0.43511504,-1.5583664,-1.3217363
Uba2,-0.51567745,-0.50803417,-0.5548853,-0.39622518,-1.2466226,-0.6370513
1600014C10Rik,-1.2215736,0.16908465,-0.6683792,-0.54475075,-1.1960127,-0.708623
Rpl13a,-0.32401952,0.44432884,-0.17021129,0.12201688,-0.8939612,-0.35851803
Saa3,-4.2663918,0.66825193,-4.074587,-3.8481698,-3.7048469,-3.4922047
Nav2,-0.17086564,-1.235633,0.36695534,-1.2990761,0.33486456,-0.6062342
Atp10a,-0.022260956,-3.2075696,-0.15478538,-0.9876981,0.10734984,-1.0703664
Mef2a,0.054341316,-1.8619583,-0.08166981,-0.40455753,-0.3049239,-1.5911605
Igf1r,-0.44792575,-0.752286,-0.36202988,-0.61585367,0.2520478,-0.084570765
Slco3a1,-0.015267186,-1.7010577,-0.2123647,-1.0975176,-0.12282592,-0.5333483
AU020206,-0.7858963,0.46838158,-1.2474501,-0.34023815,-0.42153138,0.18652582
Ntrk3,-0.088552006,-3.093115,0.26729798,-0.9439024,0.027584493,-1.4396285
Idh2,-0.23312365,-1.7726741,-1.4695567,-0.46765387,-0.99837315,-1.5774007
Cib1,-1.2248478,0.52630424,-1.247298,-0.49028906,-0.8242062,0.45073432
Sec11a,-0.5946965,-0.14485328,-0.45976388,-0.1966066,-0.9824288,-0.9283988
Zfp592,-0.5777036,-0.705687,-0.5853296,-0.5687271,-0.5537773,-0.585689
Ctsc,-0.67971444,-0.13491988,-1.0434479,-0.74266756,-0.5068369,-0.5604478
Prcp,-1.4678136,0.46046132,-1.9968238,-0.90448004,-1.3848878,-0.690167
Clns1a,-0.5394593,-0.89657915,-0.42733338,-0.30627865,-0.6916317,-1.4183623
Aqp11,0.19221209,-3.8635087,-0.07261802,-0.760023,-0.38322747,-1.5747522
Rnf169,-0.3333252,-1.8124526,-0.012544394,-0.5258323,-0.09727555,-1.0532608
C2cd3,-0.5209029,-1.0342138,-0.5604755,-0.56938624,-0.66515297,-0.6178545
Rab6a,-0.51675355,-0.69793373,-0.5278323,-0.39219558,-0.865581,-0.770895
Nup98,-0.5117599,-0.88221216,-0.51980734,-0.5806134,-0.5736053,-1.3927842
Stim1,-0.25160843,-1.7010624,0.18173999,-0.63141185,0.04105237,-0.92115986
Trim30a,-1.5167117,0.71932566,-2.1484613,-1.0475855,-1.1866508,-0.36149818
Swap70,-1.21802,0.5520969,-0.3391824,-1.8237851,-1.5089741,-0.8020193
Psma1,-0.6029493,-0.75336015,-0.5519085,-0.2214515,-2.007156,-2.2837949
Pde3b,-0.62286377,-0.6519673,-0.69767183,-0.7861546,-0.26755363,-0.47964728
9030624J02Rik,-0.67399865,-0.49711955,-0.6594882,-0.66710746,-0.336879,-0.17243212
Ubfd1,-0.7150852,-0.40448755,-0.6719446,-0.7243216,-0.69996166,-0.7734317
Rbbp6,-0.25362876,-1.0116074,-0.36606303,-0.33898342,-0.4344577,-0.86492276
Xpo6,-0.38150847,-0.44301486,-0.4133844,-0.3772248,-0.31907815,-0.32438022
Sbk1,-0.6814866,-0.42324728,-0.69928896,-0.74568737,-0.31483477,-0.31278667
Ypel3,-0.28203103,-0.7821915,-0.33735135,-0.26010638,-1.0408027,-1.0177869
Maz,-0.49470025,-1.3715867,-0.4775045,-0.49211082,-0.38772207,-0.5358396
Stx4a,-1.1479548,0.07640304,-0.6145491,-0.68128896,-0.920391,-0.12460351
Rgs10,-0.3369215,-0.01515954,-0.94258267,-0.042061,-0.8817817,-0.39559644
Bub3,-0.24224913,-0.66019434,-0.98763126,-0.22853228,-0.47521427,-0.1794317
Oat,-1.1317099,-0.23025373,-0.62122184,-0.19152878,-0.972312,-0.13835362
Adam12,-0.009392422,-3.3342853,0.11784491,-1.2492201,0.0034308657,-1.2289324
Mki67,0.009675372,-3.0229526,-0.114533484,0.019978285,-0.66931117,-1.9960055
Ifitm3,-1.3888563,0.3405724,-0.027460754,-0.026372746,-2.2093456,-1.4354125
Irf7,-3.001474,0.7737207,-1.0620922,-2.3399346,-2.0084114,-1.3229666
Phrf1,-0.3828726,-0.6204549,-0.4240106,-0.38624167,-0.39532065,-0.42751837
Rplp2,-0.92219865,0.8634395,-1.3921293,-0.52772975,-0.6258598,1.1496006
Tollip,-0.45671466,-0.7434219,-0.51466966,-0.42646033,-0.2899473,0.16379946
Mob2,-0.7087424,-1.339134,-0.56353974,-0.5878875,-0.33018732,-0.31410217
Ctsd,-0.4527484,0.23551033,-0.44171864,-0.22717047,-0.2975284,0.6703165
Insr,-0.3537714,-1.2770185,-0.081121415,-1.1805742,-0.20637546,-0.7989174
Ccl25,-0.01792723,-2.2411444,-0.3076965,0.31726778,-1.2071868,-1.5233835
Ing1,-0.6593548,-0.46988365,-1.9043646,-0.046606675,-1.4040072,-0.92832565
Ankrd10,-0.36375442,-0.6095845,-0.42336747,-0.3750923,-0.38175708,-0.539675
Lamp1,-0.77810436,0.5054226,-0.274993,-0.2738501,-0.56758994,0.87115896
Gas6,-0.9558122,-0.2932725,0.24499136,-0.1917164,-0.59886384,0.09009197
Rasa3,-0.6424719,0.59286284,-0.96573,-0.9309623,-0.72586876,-0.3674947
Kbtbd11,-2.2118196,0.4573253,-2.0741124,-1.8468416,-0.6462641,0.17435586
Csmd1,-2.0322232,0.3361764,0.1723327,-2.0760386,-0.46603364,-0.02003342
Dctn6,-0.66301167,-0.9260659,-0.92628574,-0.34536302,-1.159377,-0.78723884
Leprotl1,-0.42933446,-0.40445524,-0.53654295,-0.40207314,-0.49079412,-0.4300029
Tnks,-0.3525036,-1.4209117,-0.36597687,-0.5614881,-0.37935722,-0.6651783
Pcm1,-0.24381468,-1.6440446,-0.3267095,-0.4869875,-0.30258042,-0.93787396
Slc25a4,-0.44619817,-0.8326764,-0.5144803,0.38314506,-2.0346937,-1.7003099
Atp6v1b2,-0.6722782,-0.19509713,-1.4747889,-0.48015022,-0.43219307,-0.026551664
Atp13a1,-0.6892918,-0.61146677,-0.72661895,-0.696048,-0.7020205,-0.72134113
Gatad2a,-0.33022618,-1.0653632,-0.38174066,-0.47267774,-0.35340708,-0.68846714
Fcho1,-0.6855531,-2.1757789,0.030517638,-0.6179091,-0.5950539,-1.698632
Tpm4,-1.1074085,0.27787894,-0.589994,-0.17012742,-1.555728,-1.3007615
Klf2,-2.405748,1.022137,-1.2515937,-2.1824412,-1.0225586,0.99077964
Mcm5,-0.5027361,-1.1527016,-0.60082054,-0.56771094,-0.8367746,-0.7573662
Lsm6,-0.9661392,-0.38385987,-0.6057813,0.18710548,-1.853337,-1.0621687
Inpp4b,-0.3661306,0.5373757,-0.6713015,-1.0252647,-0.09232578,0.34236038
Tecr,-0.4893902,-1.1129113,-0.5031734,-0.52208424,-1.3462484,-1.5370826
Junb,-1.4600378,0.8054507,-1.2192259,-0.835858,-0.7569337,0.4953128
Siah1a,-0.66425943,-0.5517871,-0.64846116,-0.9066901,-0.6831743,-0.7593958
Papd5,-0.6245178,-1.2194936,-0.55511534,-0.7826066,-0.40044224,-0.75593054
Brd7,-0.3575909,-0.56661385,-0.37308893,-0.37639084,-0.3056962,-0.38632455
Rbl2,-0.42590106,-1.2328117,-0.6761365,-0.39423603,-0.63286996,-1.6287994
Mt2,-1.4476674,0.2860631,-0.93270695,-0.29884562,-2.321813,-1.8232528
Mt1,-0.74171305,0.002707623,-0.37409344,0.27833003,-1.4210026,-0.3646539
Nup93,-1.2767783,-0.40166223,-0.6437774,-0.85433507,-0.67514074,-0.57089484
Herpud1,-1.0640626,0.4200711,-1.0448774,-0.43461555,-0.8979994,-0.29174444
Fam192a,-0.6452883,-0.18766423,-0.62608683,-0.49455214,-0.23481604,-0.11665198
Rspry1,-0.66391253,-0.47081995,-0.9198386,-0.7753339,-0.57406974,-0.69226116
Arl2bp,-1.068953,0.056286156,-1.6649096,-0.72814584,-1.1534775,-0.5299551
Ccl22,-3.9662724,0.80326855,-3.4023852,-3.4717295,-3.1064954,-2.5348306
Atp6v0d1,-0.5816905,-1.2200488,-0.4376783,-0.47189206,-0.5983279,-1.1022491
Carmil2,-0.24045494,-2.1840744,-0.38972592,-0.16995382,-0.54601145,-1.9333119
Nfatc3,0.22186302,-3.1244416,-0.20360932,-0.25121224,-0.34902528,-1.9296142
Cdh1,-2.5775943,0.7136229,-1.0044374,-2.0922234,-1.8038669,-0.22268689
Wwp2,-0.4304646,-1.0078896,-0.45839426,-0.5170554,-0.44591475,-0.41915312
Ist1,-0.43078345,-0.43533522,-0.4812605,-0.40907604,-0.46308672,-0.48886338
Glg1,-0.16343841,-1.0889493,-0.64150655,-0.7647869,-0.2739337,-0.78587997
Wwox,-0.15159838,-1.1241854,0.61087406,-1.3283181,0.374503,-0.7504752
Hsbp1,-0.26091868,-1.1547518,-0.5530041,0.21683395,-2.3270187,-2.4663649
Usp10,-0.7534884,-0.8409116,-0.7402977,-0.7483145,-0.65183103,-0.6525108
Cotl1,-0.969507,0.89267707,-0.7225542,-0.10513728,-0.4771105,0.7234144
Emc8,-0.60152745,-0.46249533,-0.54641557,-0.48831236,-0.89079636,-0.5574236
Irf8,-1.2107106,0.3820379,-0.29445538,-0.16253045,-0.9830941,-0.8111528
Cyba,-0.58571225,0.74833447,-1.2875193,-0.13068631,-1.3981686,-0.3833881
Egln1,-0.6523855,-0.82832277,-0.64100456,-0.66387045,-0.6944473,-0.71371603
Gm26870,-1.3011371,-3.6509156,1.0488744,-2.6776073,-1.2119511,-2.4086578
Tmem123,-0.6172571,0.6040151,-1.1122067,-0.07394436,-1.4710839,-1.1263089
Sesn3,-0.4540798,0.34887123,-0.38678923,-0.32425666,-0.6255357,-0.31753102
Amotl1,-1.1184282,-0.21864635,-0.04848075,-0.5848777,-1.7176888,-1.2392008
Maml2,-0.15456176,-0.31587845,-0.20402554,-0.65436685,0.22837856,-0.12880495
Panx1,-0.8567668,0.3888114,-1.1461449,-1.2102443,-0.6402247,-0.09080988
Zfp26,-0.60950124,-1.4475534,-0.6817348,-0.85634804,-0.17807671,-0.51600695
Eif3g,-0.52426124,-0.94955784,-1.0659602,0.25611582,-1.6232784,-1.5274532
Icam1,-2.1199656,0.46911806,-0.98259014,-0.63520163,-2.3366785,-1.6563718
Rp9,-0.35440373,-0.63910854,-0.3096387,-0.1982877,-1.1838634,-1.5889653
Gramd1b,-0.99459445,0.24033228,-0.78708225,-2.2913013,-0.26593593,0.19543654
Kmt2a,-0.25182426,-0.68286955,-0.23460637,-0.3120648,0.0815874,-0.31881702
Fxyd2,-0.28018385,-2.1459222,-0.7133322,0.5592172,-1.5385532,-0.87174034
Cul5,-0.55183446,-0.66330576,-0.5851869,-0.5704293,-0.5426682,-0.5720172
Scamp2,-0.76506805,0.02083683,-0.6048142,-1.6781378,-0.30514526,-0.07941741
Csk,-0.3369923,-0.45162934,-0.3370285,-0.304345,-1.1705012,-0.9712962
Edc3,-0.5494486,-1.2196808,-0.5239722,-0.4663644,-0.84911215,-0.91976327
Myo9a,-0.5605564,-0.89750004,-0.55863744,-0.551132,-0.5231148,-0.5886718
Smad3,-0.4912036,-1.3353786,0.042359293,-1.1670433,0.047213838,-0.50381017
Dpp8,-0.51832664,-1.0572928,-0.5240946,-0.5358852,-0.27081776,-0.45833927
Rplp1,-0.99785554,0.79127026,-0.8894905,-0.7313796,0.24061938,1.5753996
Ppib,-0.44380054,-0.25210428,-0.36900833,-0.1995076,-2.0170808,-2.065965
Rab8b,-0.8990403,0.71967727,-0.7587969,-0.49146694,-0.8190557,0.025195718
Usp3,-0.094813935,-1.7722294,-0.018609434,-0.42360383,-0.06109436,-1.3848315
Rora,-1.0027921,-0.093025096,0.17970973,-0.54727495,-0.8715532,-0.86146593
Gtf2a2,-0.5887604,-1.3263613,-0.65340966,0.034102976,-2.1045299,-2.4748206
Mns1,-0.19059744,-3.511056,-0.12698978,-0.6379328,-0.96893555,-2.4722805
Tcf12,0.18292925,-2.7891073,0.20716873,-0.66501534,0.11385568,-1.632354
Tmod3,-0.38764554,-0.8636576,-0.87856495,-0.4348439,-0.50049686,-0.5780913
Elovl5,-0.47514367,-1.0239325,-0.38698697,-0.8332481,-0.43338436,-0.9944978
Cox7a2,-0.3467523,-0.42912352,-0.48745,0.36083224,-2.1940842,-1.8826709
Slc9a9,0.13429493,-2.4891691,0.11860083,-0.7143247,0.244214,-1.3168249
Xrn1,-0.014249034,-1.906269,-0.26393428,-0.4555718,0.05482326,-0.9723439
Tfdp2,-0.25453728,-2.2262464,-0.3001296,-0.30276847,-0.5655456,-1.1605892
Atp1b3,-0.48820466,0.6274597,-0.95270216,-0.35625112,-0.8027383,-0.42485535
Zbtb38,-0.9148903,-0.1461773,-0.8016071,-0.8910161,-0.7403054,-0.0022478104
Rasa2,-0.47288772,-0.1401245,-0.43736222,-0.4771666,-0.15648088,0.08323178
Topbp1,-0.41409862,-1.8673816,-0.42387676,-0.37630326,-1.1737863,-1.6964332
Twf2,-0.699618,0.056484327,-0.70367676,-0.5741748,-1.1838584,-1.3908494
Manf,-0.56495464,-0.084347144,-0.65621984,-0.4134547,-0.4475023,0.12167257
Rbm5,-0.17006955,-0.7864149,-0.23357747,-0.28881615,-0.22425461,-1.3401008
Gpx1,-0.96972036,0.57244813,-0.95109963,0.08533597,-1.285156,0.48272955
Shisa5,-1.1427159,1.0591929,-0.8809573,-0.8379622,-0.5016696,0.57549036
Stt3b,-0.52811,-0.5798169,-0.47098634,-0.5485059,-0.43414256,-0.5278227
Rbms3,-0.40852326,-1.2797382,0.39715755,-0.31176436,-0.2997592,-0.13273634
Golga4,-0.40041426,-0.9211664,-0.41963193,-0.4522158,-0.38863188,-0.43218747
Arpp21,0.37349147,-4.0481286,0.4306187,-0.70016193,0.1779528,-1.9509349
Oxsr1,-0.65499306,-0.3016898,-0.71329045,-0.50123835,-0.39340422,-0.4316793
Csrnp1,-0.5785167,-1.0409067,-0.59688985,-0.5487915,-1.2262897,-1.6180302
Limd1,-0.61884844,-0.7928904,-0.6906412,-0.6288046,-0.8627698,-0.71390796
Atp6ap2,-0.75123566,-0.8000741,-0.7204253,-0.4240147,-1.4182354,-1.4286501
Kdm6a,-0.32298535,-1.4000031,-0.72438264,-0.4710108,-0.8195065,-1.6566292
Dock11,-0.12749004,-1.0933301,-0.5656456,-0.4786042,-0.078766376,-1.2112255
Ndufa1,-0.1319329,-1.0611742,-1.6868846,0.17995606,-1.5481544,-1.0903783
Lamp2,-0.30349392,-0.30693552,-0.22538869,-0.22082588,-0.24512878,-0.062607765
Thoc2,-0.14943384,-1.7973981,-0.24447897,-0.31893286,-0.5675781,-1.5228796
Sash3,-0.16158679,-1.4555209,-0.46013355,-0.34782475,-0.2770561,-1.0494268
Rap2c,-0.47791982,-0.67871094,-1.1871405,-0.10264842,-1.7823892,-1.2720244
Fmr1,-0.5455785,-1.0660216,-0.59401023,-0.58077276,-0.55547625,-0.71563125
Bgn,-2.3402567,-0.033413783,0.12669885,-1.0907714,-1.5406636,-0.4633826
Bcap31,-0.510762,-0.18164302,-0.4502523,-0.44392878,-0.77627945,-0.5590817
Flna,-0.36708736,0.34164268,-0.5924059,-0.26085955,-0.14819795,0.555587
Pola1,-0.50035644,-2.7479105,-0.24630758,-0.5334561,-0.760164,-1.5781149
Il2rg,-0.37329304,-0.905532,-0.43981105,-0.25536478,-1.0996282,-1.8261347
Taf1,-0.49510556,-0.9768814,-0.46514237,-0.11104354,-1.7359586,-1.5808018
Il1rapl1,-0.56979215,0.23517156,-0.65317595,-2.1382742,0.8364054,1.8701727
Brwd3,-0.24148828,-2.3073823,-0.59884375,-0.6071064,-0.88528055,-1.7413596
Itm2a,-0.4561808,0.32570273,-2.0384104,-0.048556082,-0.88648784,0.023042351
Gprasp1,-0.65616465,-1.4685864,-0.63228965,-0.7212025,-0.5894704,-0.5512912
Kdm5c,-0.5260092,-0.7748333,-0.55672985,-0.89143246,-0.47387552,-0.61052346
Tmsb4x,-0.28805912,0.54955596,-0.43380937,0.25279588,-0.27190238,0.5709669
